food_cd,food_nm,reason
D101-004160000-0001,국밥_돼지머리,중복 FOOD_CD
D101-004310000-0001,국밥_순대국밥,중복 FOOD_CD
D101-004500000-0001,국밥_콩나물,중복 FOOD_CD
D101-006000000-0001,기장밥,중복 FOOD_CD
D101-007000000-0001,김밥,중복 FOOD_CD
D101-007070000-0001,김밥_김치,중복 FOOD_CD
D101-007090000-0001,김밥_날치알,중복 FOOD_CD
D101-007120000-0001,김밥_돈가스,중복 FOOD_CD
D101-007280000-0001,김밥_소고기,중복 FOOD_CD
D101-007450000-0001,김밥_참치,중복 FOOD_CD
D101-007480000-0001,김밥_채소,중복 FOOD_CD
D101-007490000-0001,김밥_치즈,중복 FOOD_CD
D101-007520000-0001,김밥_풋고추,중복 FOOD_CD
D101-010080000-0001,덮밥_낙지,중복 FOOD_CD
D101-010110000-0001,덮밥_닭고기,중복 FOOD_CD
D101-010150000-0001,덮밥_돼지고기(제육),중복 FOOD_CD
D101-010240000-0001,덮밥_불고기,중복 FOOD_CD
D101-010390000-0001,덮밥_오징어,중복 FOOD_CD
D101-016000000-0001,보리밥,중복 FOOD_CD
D101-017000000-0001,볶음밥,중복 FOOD_CD
D101-017030000-0001,볶음밥_계란,중복 FOOD_CD
D101-017070000-0001,볶음밥_김치,중복 FOOD_CD
D101-017260000-0001,볶음밥_새우,중복 FOOD_CD
D101-017280000-0001,볶음밥_소고기,중복 FOOD_CD
D101-017450000-0001,볶음밥_참치,중복 FOOD_CD
D101-017480000-0001,볶음밥_채소,중복 FOOD_CD
D101-017510000-0001,볶음밥_표고버섯,중복 FOOD_CD
D101-018000000-0001,비빔밥,중복 FOOD_CD
D101-018130000-0001,비빔밥_돌솥,중복 FOOD_CD
D101-018430000-0001,비빔밥_육회,중복 FOOD_CD
D101-019460000-0001,삼각김밥_참치마요네즈,중복 FOOD_CD
D101-021000000-0001,수수밥,중복 FOOD_CD
D101-023000000-0001,알밥,중복 FOOD_CD
D101-026000000-0001,영양돌솥밥,중복 FOOD_CD
D101-028000000-0001,오므라이스,중복 FOOD_CD
D101-031000000-0001,자장밥,중복 FOOD_CD
D101-032000000-0001,잡곡밥,중복 FOOD_CD
D101-033000000-0001,잡채밥,중복 FOOD_CD
D101-035280000-0001,주먹밥_소고기,중복 FOOD_CD
D101-037000000-0001,짬뽕밥,중복 FOOD_CD
D101-038000000-0001,차조밥,중복 FOOD_CD
D101-039000000-0001,찰밥,중복 FOOD_CD
D101-042200000-0001,초밥_모듬,중복 FOOD_CD
D101-042410000-0001,초밥_유부초밥,중복 FOOD_CD
D101-044000000-0001,카레라이스,중복 FOOD_CD
D101-047000000-0001,콩나물밥,중복 FOOD_CD
D101-048020000-0001,콩밥_검정콩,중복 FOOD_CD
D101-048400000-0001,콩밥_완두콩,중복 FOOD_CD
D101-049000000-0001,하이라이스,중복 FOOD_CD
D101-050000000-0001,현미밥,중복 FOOD_CD
D101-051200000-0001,회덮밥_모듬,중복 FOOD_CD
D102-053000000-0001,가래떡,중복 FOOD_CD
D102-055040000-0001,경단_깨,중복 FOOD_CD
D102-057000000-0001,꿀떡,중복 FOOD_CD
D102-058000000-0001,모듬찰떡,중복 FOOD_CD
D102-061000000-0001,백설기,중복 FOOD_CD
D102-063040000-0001,송편_깨,중복 FOOD_CD
D102-067000000-0001,시루떡,중복 FOOD_CD
D102-069000000-0001,약식,중복 FOOD_CD
D102-070000000-0001,인절미,중복 FOOD_CD
D102-071260000-0001,절편_쑥,중복 FOOD_CD
D102-072000000-0001,증편,중복 FOOD_CD
D102-074390000-0001,찹쌀떡_팥,중복 FOOD_CD
D102-082120000-0001,도넛_링도넛,중복 FOOD_CD
D102-082290000-0001,도넛_찹쌀,중복 FOOD_CD
D102-085000000-0001,마늘빵,중복 FOOD_CD
D102-087000000-0001,머핀,중복 FOOD_CD
D102-088000000-0001,모닝빵,중복 FOOD_CD
D102-089000000-0001,모카빵,중복 FOOD_CD
D102-095000000-0001,베이글,중복 FOOD_CD
D102-096060000-0001,샌드위치_닭가슴살,중복 FOOD_CD
D102-096150000-0001,샌드위치_모듬,중복 FOOD_CD
D102-096280000-0001,샌드위치_참치,중복 FOOD_CD
D102-096300000-0001,샌드위치_채소,중복 FOOD_CD
D102-096431100-0001,샌드위치_햄_달걀,중복 FOOD_CD
D102-097000000-0001,소보로빵,중복 FOOD_CD
D102-100000000-0001,식빵,중복 FOOD_CD
D102-105000000-0001,초코소라빵,중복 FOOD_CD
D102-106000000-0001,츄러스,중복 FOOD_CD
D102-109000000-0001,카스텔라,중복 FOOD_CD
D102-110110000-0001,케이크_롤케이크,중복 FOOD_CD
D102-110210000-0001,케이크_생크림케이크,중복 FOOD_CD
D102-111000000-0001,크로와상,중복 FOOD_CD
D102-116190000-0001,파이/만주_사과파이,중복 FOOD_CD
D102-118000000-0001,페이스트리,중복 FOOD_CD
D102-120350000-0001,피자_콤비네이션피자,중복 FOOD_CD
D102-121000000-0001,피자빵,중복 FOOD_CD
D102-123000000-0001,햄버거,중복 FOOD_CD
D102-123170000-0001,햄버거_불고기버거,중복 FOOD_CD
D102-125030000-0001,호떡_견과류,중복 FOOD_CD
D103-141000000-0001,간자장,중복 FOOD_CD
D103-142160000-0001,국수_막국수,중복 FOOD_CD
D103-142270000-0001,국수_비빔국수,중복 FOOD_CD
D103-142410000-0001,국수_잔치국수,중복 FOOD_CD
D103-142420000-0001,국수_쟁반막국수,중복 FOOD_CD
D103-144180000-0001,냉면_물냉면,중복 FOOD_CD
D103-144280000-0001,냉면_비빔냉면,중복 FOOD_CD
D103-144515500-0001,냉면_회냉면_홍어,중복 FOOD_CD
D103-145000000-0001,떡국,중복 FOOD_CD
D103-146000000-0001,떡만두국,중복 FOOD_CD
D103-148000000-0001,라면,중복 FOOD_CD
D103-148090000-0001,라면_달걀,중복 FOOD_CD
D103-148130000-0001,라면_떡,중복 FOOD_CD
D103-150010000-0001,만두_고기만두,중복 FOOD_CD
D103-150030000-0001,만두_군만두,중복 FOOD_CD
D103-150060000-0001,만두_김치만두,중복 FOOD_CD
D103-150190000-0001,만두_물만두,중복 FOOD_CD
D103-151300000-0001,만두국_사골,중복 FOOD_CD
D103-152380000-0001,메밀국수_온면,중복 FOOD_CD
D103-160000000-0001,수제비,중복 FOOD_CD
D103-161220000-0001,스파게티_미트볼,중복 FOOD_CD
D103-164400000-0001,우동_일식,중복 FOOD_CD
D103-165000000-0001,우동볶음,중복 FOOD_CD
D103-167000000-0001,월남쌈,중복 FOOD_CD
D103-168000000-0001,자장면,중복 FOOD_CD
D103-172000000-0001,짬뽕,중복 FOOD_CD
D103-173000000-0001,쫄면,중복 FOOD_CD
D103-174000000-0001,칼국수,중복 FOOD_CD
D103-174240000-0001,칼국수_바지락,중복 FOOD_CD
D103-175000000-0001,콩국수,중복 FOOD_CD
D104-181000000-0001,닭죽,중복 FOOD_CD
D104-185060000-0001,스프_양송이버섯,중복 FOOD_CD
D104-188000000-0001,오리죽,중복 FOOD_CD
D104-191000000-0001,전복죽,중복 FOOD_CD
D104-194000000-0001,채소죽,중복 FOOD_CD
D104-195000000-0001,팥죽,중복 FOOD_CD
D104-197000000-0001,호박죽,중복 FOOD_CD
D104-198000000-0001,흑임자 죽,중복 FOOD_CD
D105-199000000-0001,갈비탕,중복 FOOD_CD
D105-200000000-0001,감자국,중복 FOOD_CD
D105-203000000-0001,곰탕,중복 FOOD_CD
D105-203330000-0001,곰탕_우거지,중복 FOOD_CD
D105-204150000-0001,굴국_무,중복 FOOD_CD
D105-205000000-0001,김치국,중복 FOOD_CD
D105-205370000-0001,김치국_콩나물,중복 FOOD_CD
D105-208000000-0001,내장탕,중복 FOOD_CD
D105-209160000-0001,냉국_미역,중복 FOOD_CD
D105-209163700-0001,냉국_미역_오이,중복 FOOD_CD
D105-210000000-0001,달걀국,중복 FOOD_CD
D105-211260000-0001,달걀탕_순두부,중복 FOOD_CD
D105-213000000-0001,닭곰탕,중복 FOOD_CD
D105-215000000-0001,도가니탕,중복 FOOD_CD
D105-216010000-0001,된장국_감자,중복 FOOD_CD
D105-216070000-0001,된장국_냉이,중복 FOOD_CD
D105-216160000-0001,된장국_미역,중복 FOOD_CD
D105-216180000-0001,된장국_배추,중복 FOOD_CD
D105-216270000-0001,된장국_시금치,중복 FOOD_CD
D105-216280000-0001,된장국_시래기,중복 FOOD_CD
D105-216290000-0001,된장국_쑥,중복 FOOD_CD
D105-216300000-0001,된장국_아욱,중복 FOOD_CD
D105-216310000-0001,된장국_얼갈이배추,중복 FOOD_CD
D105-216330000-0001,된장국_우거지,중복 FOOD_CD
D105-216370000-0001,된장국_콩나물,중복 FOOD_CD
D105-216390000-0001,된장국_해물,중복 FOOD_CD
D105-216400000-0001,된장국_호박,중복 FOOD_CD
D105-216410000-0001,된장국_호박잎,중복 FOOD_CD
D105-219240000-0001,무국_소고기,중복 FOOD_CD
D105-219420000-0001,무국_홍합,중복 FOOD_CD
D105-220140000-0001,묵국_메밀묵,중복 FOOD_CD
D105-223000000-0001,미역국,중복 FOOD_CD
D105-223100000-0001,미역국_대합,중복 FOOD_CD
D105-223220000-0001,미역국_새우,중복 FOOD_CD
D105-223240000-0001,미역국_소고기,중복 FOOD_CD
D105-225240000-0001,배추국_소고기,중복 FOOD_CD
D105-226000000-0001,북어국,중복 FOOD_CD
D105-227000000-0001,사골국,중복 FOOD_CD
D105-228000000-0001,삼계탕,중복 FOOD_CD
D105-229000000-0001,새우탕,중복 FOOD_CD
D105-231000000-0001,설렁탕,중복 FOOD_CD
D105-234000000-0001,순대국,중복 FOOD_CD
D105-237000000-0001,어묵국(어묵탕),중복 FOOD_CD
D105-242000000-0001,오징어국,중복 FOOD_CD
D105-245000000-0001,육개장,중복 FOOD_CD
D105-245080000-0001,육개장_닭고기,중복 FOOD_CD
D105-247000000-0001,장어탕,중복 FOOD_CD
D105-248000000-0001,재첩국,중복 FOOD_CD
D105-250000000-0001,조개국,중복 FOOD_CD
D105-253000000-0001,콩나물국,중복 FOOD_CD
D105-255000000-0001,토란국,중복 FOOD_CD
D105-256210000-0001,해장국_뼈다귀,중복 FOOD_CD
D105-256230000-0001,해장국_선지,중복 FOOD_CD
D105-272000000-0001,동태국,중복 FOOD_CD
D106-259000000-0001,갈치찌개,중복 FOOD_CD
D106-260000000-0001,감자탕,중복 FOOD_CD
D106-265000000-0001,김치전골,중복 FOOD_CD
D106-266050000-0001,김치찌개_꽁치,중복 FOOD_CD
D106-266100000-0001,김치찌개_돼지고기,중복 FOOD_CD
D106-266200000-0001,김치찌개_어묵,중복 FOOD_CD
D106-266250000-0001,김치찌개_참치,중복 FOOD_CD
D106-266280000-0001,김치찌개_햄,중복 FOOD_CD
D106-268000000-0001,꽃게탕,중복 FOOD_CD
D106-270000000-0001,낙지전골,중복 FOOD_CD
D106-273000000-0001,동태찌개,중복 FOOD_CD
D106-274000000-0001,돼지고기찌개,중복 FOOD_CD
D106-275000000-0001,된장찌개,중복 FOOD_CD
D106-275060000-0001,된장찌개_냉이,중복 FOOD_CD
D106-275070000-0001,된장찌개_달래,중복 FOOD_CD
D106-275110000-0001,된장찌개_두부,중복 FOOD_CD
D106-275130000-0001,된장찌개_바지락,중복 FOOD_CD
D106-277010000-0001,두부찌개_고추장,중복 FOOD_CD
D106-277180500-0001,두부찌개_소고기_고추장,중복 FOOD_CD
D106-277181600-0001,두부찌개_소고기_된장,중복 FOOD_CD
D106-280080000-0001,매운탕_대구,중복 FOOD_CD
D106-280270000-0001,매운탕_해물,중복 FOOD_CD
D106-282000000-0001,버섯전골,중복 FOOD_CD
D106-284000000-0001,부대찌개,중복 FOOD_CD
D106-287150000-0001,샤브샤브_버섯,중복 FOOD_CD
D106-287180000-0001,샤브샤브_소고기,중복 FOOD_CD
D106-289000000-0001,소고기전골,중복 FOOD_CD
D106-291030000-0001,순두부찌개_김치,중복 FOOD_CD
D106-293000000-0001,알탕,중복 FOOD_CD
D106-294000000-0001,오리백숙,중복 FOOD_CD
D106-295000000-0001,오리탕,중복 FOOD_CD
D106-296000000-0001,오징어찌개,중복 FOOD_CD
D106-297000000-0001,청국장찌개,중복 FOOD_CD
D106-298000000-0001,추어탕,중복 FOOD_CD
D106-299000000-0001,콩비지찌개,중복 FOOD_CD
D106-302010000-0001,호박찌개_고추장,중복 FOOD_CD
D107-128180000-0001,고구마_찐고구마,중복 FOOD_CD
D107-304000000-0001,가오리찜,중복 FOOD_CD
D107-306130000-0001,갈비찜_소고기,중복 FOOD_CD
D107-307170000-0001,감자_찐감자,중복 FOOD_CD
D107-310000000-0001,깻잎찜,중복 FOOD_CD
D107-312000000-0001,꼬막찜,중복 FOOD_CD
D107-314000000-0001,꽈리고추찜,중복 FOOD_CD
D107-317120000-0001,달걀찜_새우젓,중복 FOOD_CD
D107-317150000-0001,달걀찜_우유,중복 FOOD_CD
D107-318000000-0001,닭찜,중복 FOOD_CD
D107-324000000-0001,돼지갈비찜,중복 FOOD_CD
D107-332130000-0001,사태찜_소고기,중복 FOOD_CD
D107-335130000-0001,수육_소고기,중복 FOOD_CD
D107-337000000-0001,순대,중복 FOOD_CD
D107-338000000-0001,아귀찜,중복 FOOD_CD
D107-339000000-0001,애호박찜,중복 FOOD_CD
D107-341190000-0001,옥수수_찐옥수수,중복 FOOD_CD
D107-344000000-0001,족발,중복 FOOD_CD
D107-345000000-0001,코다리찜,중복 FOOD_CD
D107-346220000-0001,콩나물찜_해물,중복 FOOD_CD
D107-347000000-0001,풋고추찜,중복 FOOD_CD
D108-352000000-0001,가자미구이,중복 FOOD_CD
D108-354120000-0001,갈비구이_소고기,중복 FOOD_CD
D108-355030000-0001,갈치구이_기름,중복 FOOD_CD
D108-357110000-0001,고등어구이_석쇠,중복 FOOD_CD
D108-359120000-0001,곱창구이_소고기,중복 FOOD_CD
D108-361180000-0001,김구이_조미김,중복 FOOD_CD
D108-362041400-0001,꼬치구이_닭고기_대파,중복 FOOD_CD
D108-365000000-0001,닭구이,중복 FOOD_CD
D108-368000000-0001,닭발구이,중복 FOOD_CD
D108-376000000-0001,떡갈비,중복 FOOD_CD
D108-377000000-0001,런천미트구이,중복 FOOD_CD
D108-379000000-0001,뱅어포구이,중복 FOOD_CD
D108-380000000-0001,버섯구이,중복 FOOD_CD
D108-380100000-0001,버섯구이_새송이버섯,중복 FOOD_CD
D108-381000000-0001,버섯구이표고버섯,중복 FOOD_CD
D108-382000000-0001,삼겹살구이,중복 FOOD_CD
D108-382020000-0001,삼겹살구이_고추장,중복 FOOD_CD
D108-383000000-0001,삼치구이,중복 FOOD_CD
D108-384000000-0001,새우구이,중복 FOOD_CD
D108-386000000-0001,소불고기,중복 FOOD_CD
D108-387140000-0001,스테이크_소등심,중복 FOOD_CD
D108-387150000-0001,스테이크_소안심,중복 FOOD_CD
D108-390000000-0001,오리고기구이,중복 FOOD_CD
D108-392000000-0001,오리불고기,중복 FOOD_CD
D108-396020000-0001,장어구이_고추장,중복 FOOD_CD
D108-398210000-0001,조개구이_키조개,중복 FOOD_CD
D108-399000000-0001,조기구이,중복 FOOD_CD
D108-401060000-0001,참치구이_머리,중복 FOOD_CD
D108-402000000-0001,치킨데리야끼,중복 FOOD_CD
D108-404000000-0001,함박스테이크,중복 FOOD_CD
D109-407000000-0001,가지전,중복 FOOD_CD
D109-408000000-0001,감자전,중복 FOOD_CD
D109-409000000-0001,고구마전,중복 FOOD_CD
D109-412000000-0001,김치전,중복 FOOD_CD
D109-416000000-0001,달걀말이,중복 FOOD_CD
D109-417000000-0001,달걀부침(달걀후라이),중복 FOOD_CD
D109-417120000-0001,달걀부침(달걀후라이)_햄,중복 FOOD_CD
D109-419000000-0001,두부부침,중복 FOOD_CD
D109-421000000-0001,맛살전,중복 FOOD_CD
D109-422000000-0001,메밀전,중복 FOOD_CD
D109-425100000-0001,버섯전_표고버섯,중복 FOOD_CD
D109-426000000-0001,부추전,중복 FOOD_CD
D109-427050000-0001,산적_돼지고기,중복 FOOD_CD
D109-433000000-0001,스크램블에그,중복 FOOD_CD
D109-434000000-0001,애호박전,중복 FOOD_CD
D109-437050000-0001,완자전_돼지고기,중복 FOOD_CD
D109-437060000-0001,완자전_소고기,중복 FOOD_CD
D109-437070051-0000,"돈저냐(동그랑땡), 냉동, 구운것(팬)",중복 FOOD_CD
D109-437080000-0001,완자전_참치,중복 FOOD_CD
D109-437110000-0001,완자전_해물,중복 FOOD_CD
D109-439000000-0001,채소전,중복 FOOD_CD
D109-441110000-0001,파전_해물,중복 FOOD_CD
D110-450000000-0001,감자볶음,중복 FOOD_CD
D110-450320000-0001,감자볶음_채소,중복 FOOD_CD
D110-451000000-0001,건새우볶음,중복 FOOD_CD
D110-455160000-0001,곱창볶음_돼지고기,중복 FOOD_CD
D110-456000000-0001,김치볶음,중복 FOOD_CD
D110-456310000-0001,김치볶음_참치,중복 FOOD_CD
D110-457000000-0001,낙지볶음,중복 FOOD_CD
D110-461000000-0001,닭발볶음,중복 FOOD_CD
D110-462000000-0001,닭볶음(닭갈비),중복 FOOD_CD
D110-462155200-0001,닭볶음(닭갈비)_닭가슴살_피망,중복 FOOD_CD
D110-463000000-0001,당근볶음,중복 FOOD_CD
D110-464110000-0001,돼지고기볶음_김치,중복 FOOD_CD
D110-464320000-0001,돼지고기볶음_채소,중복 FOOD_CD
D110-465000000-0001,돼지고기볶음(제육볶음),중복 FOOD_CD
D110-467000000-0001,떡볶이,중복 FOOD_CD
D110-467320000-0001,떡볶이_채소,중복 FOOD_CD
D110-468000000-0001,라볶이,중복 FOOD_CD
D110-469000000-0001,마늘쫑볶음,중복 FOOD_CD
D110-469210000-0001,마늘쫑볶음_멸치,중복 FOOD_CD
D110-470000000-0001,마파두부,중복 FOOD_CD
D110-472000000-0001,멸치볶음,중복 FOOD_CD
D110-472070000-0001,멸치볶음_견과류,중복 FOOD_CD
D110-472130000-0001,멸치볶음_꽈리고추,중복 FOOD_CD
D110-472190000-0001,멸치볶음_마늘쫑,중복 FOOD_CD
D110-472360000-0001,멸치볶음_풋고추,중복 FOOD_CD
D110-474090000-0001,문어볶음_고추장,중복 FOOD_CD
D110-475000000-0001,미역줄기볶음,중복 FOOD_CD
D110-476140000-0001,버섯볶음_느타리,중복 FOOD_CD
D110-476260000-0001,버섯볶음_새송이버섯,중복 FOOD_CD
D110-477000000-0001,브로콜리볶음,중복 FOOD_CD
D110-478220000-0001,삼겹살볶음_묵은지김치,중복 FOOD_CD
D110-480000000-0001,새우볶음,중복 FOOD_CD
D110-481090000-0001,소고기볶음_고추장,중복 FOOD_CD
D110-481250000-0001,소고기볶음_버섯,중복 FOOD_CD
D110-481320000-0001,소고기볶음_채소,중복 FOOD_CD
D110-482000000-0001,소시지볶음,중복 FOOD_CD
D110-484000000-0001,애호박 볶음,중복 FOOD_CD
D110-485000000-0001,양파볶음,중복 FOOD_CD
D110-486000000-0001,어묵볶음,중복 FOOD_CD
D110-486320000-0001,어묵볶음_채소,중복 FOOD_CD
D110-488000000-0001,오징어볶음,중복 FOOD_CD
D110-490000000-0001,유산슬,중복 FOOD_CD
D110-491070000-0001,잔멸치볶음_견과류,중복 FOOD_CD
D110-491130000-0001,잔멸치볶음_꽈리고추,중복 FOOD_CD
D110-491360000-0001,잔멸치볶음_풋고추,중복 FOOD_CD
D110-491385100-0001,잔멸치볶음_홍고추_풋고추,중복 FOOD_CD
D110-492000000-0001,잡채,중복 FOOD_CD
D110-492290000-0001,잡채_어묵,중복 FOOD_CD
D110-492340000-0001,잡채_콩나물,중복 FOOD_CD
D110-495270000-0001,죽순볶음_소고기,중복 FOOD_CD
D110-499000000-0001,팔보채,중복 FOOD_CD
D110-501000000-0001,풋고추볶음,중복 FOOD_CD
D110-503320000-0001,햄볶음_채소,중복 FOOD_CD
D111-508000000-0001,감자조림,중복 FOOD_CD
D111-509000000-0001,고등어조림,중복 FOOD_CD
D111-511000000-0001,꽁치조림,중복 FOOD_CD
D111-514000000-0001,닭볶음탕,중복 FOOD_CD
D111-515000000-0001,닭조림,중복 FOOD_CD
D111-515010000-0001,닭조림_고추장,중복 FOOD_CD
D111-517000000-0001,두부조림,중복 FOOD_CD
D111-518000000-0001,땅콩조림,중복 FOOD_CD
D111-519000000-0001,멸치조림,중복 FOOD_CD
D111-520000000-0001,무조림,중복 FOOD_CD
D111-521000000-0001,미트볼조림,중복 FOOD_CD
D111-522000000-0001,버섯조림,중복 FOOD_CD
D111-523000000-0001,병어조림,중복 FOOD_CD
D111-525000000-0001,삼치조림,중복 FOOD_CD
D111-526000000-0001,양미리조림,중복 FOOD_CD
D111-527000000-0001,어묵조림,중복 FOOD_CD
D111-528000000-0001,연근조림,중복 FOOD_CD
D111-529000000-0001,오징어조림,중복 FOOD_CD
D111-530000000-0001,오징어채조림,중복 FOOD_CD
D111-531000000-0001,우엉조림,중복 FOOD_CD
D111-532020000-0001,장조림_달걀,중복 FOOD_CD
D111-532040000-0001,장조림_메추리알,중복 FOOD_CD
D111-532080000-0001,장조림_소고기,중복 FOOD_CD
D111-532081900-0001,장조림_소고기_메추리알,중복 FOOD_CD
D111-534000000-0001,쥐포조림,중복 FOOD_CD
D111-535000000-0001,코다리조림,중복 FOOD_CD
D111-536000000-0001,콩조림(콩자반),중복 FOOD_CD
D112-537000000-0001,감자튀김,중복 FOOD_CD
D112-542000000-0001,김튀김,중복 FOOD_CD
D112-546000000-0001,다시마튀각,중복 FOOD_CD
D112-547010000-0001,닭다리튀김_간장,중복 FOOD_CD
D112-549040000-0001,닭튀김_날개,중복 FOOD_CD
D112-552000000-0001,떡강정,중복 FOOD_CD
D112-556000000-0001,미역튀각,중복 FOOD_CD
D112-566120000-0001,탕수육_새우,중복 FOOD_CD
D112-584000000-0000,난자완스,중복 FOOD_CD
D113-567000000-0001,가지나물,중복 FOOD_CD
D113-568000000-0001,고구마줄기나물,중복 FOOD_CD
D113-569000000-0001,고사리나물무침,중복 FOOD_CD
D113-570000000-0001,고춧잎나물무침,중복 FOOD_CD
D113-571000000-0001,깻잎나물,중복 FOOD_CD
D113-573000000-0001,냉이나물,중복 FOOD_CD
D113-574000000-0001,도라지나물무침,중복 FOOD_CD
D113-577000000-0001,머위대나물무침,중복 FOOD_CD
D113-578000000-0001,무나물무침,중복 FOOD_CD
D113-580000000-0001,방풍나물무침,중복 FOOD_CD
D113-581000000-0001,배추나물,중복 FOOD_CD
D113-582000000-0001,비름나물무침,중복 FOOD_CD
D113-584000000-0001,숙주나물,중복 FOOD_CD
D113-586000000-0001,시금치나물,중복 FOOD_CD
D113-588000000-0001,시래기나물무침,중복 FOOD_CD
D113-589000000-0001,씀바귀나물무침,중복 FOOD_CD
D113-590000000-0001,열무나물,중복 FOOD_CD
D113-590050000-0001,열무나물_된장,중복 FOOD_CD
D113-592000000-0001,유채나물,중복 FOOD_CD
D113-593000000-0001,참나물,중복 FOOD_CD
D113-595050000-0001,취나물_된장,중복 FOOD_CD
D113-595080000-0001,취나물_취나물(마른것),중복 FOOD_CD
D113-597000000-0001,콩나물무침,중복 FOOD_CD
D113-597030000-0001,콩나물무침_고춧가루,중복 FOOD_CD
D113-598000000-0001,토란대나물무침,중복 FOOD_CD
D113-600000000-0001,호박오가리나물무침,중복 FOOD_CD
D114-601000000-0001,가죽나물무침,중복 FOOD_CD
D114-605130000-0001,겉절이_배추,중복 FOOD_CD
D114-605160000-0001,겉절이_상추,중복 FOOD_CD
D114-605250000-0001,겉절이_열무,중복 FOOD_CD
D114-605350000-0001,겉절이_치커리,중복 FOOD_CD
D114-607200000-0001,골뱅이무침_소면,중복 FOOD_CD
D114-609000000-0001,굴무침,중복 FOOD_CD
D114-610000000-0001,김무침,중복 FOOD_CD
D114-611000000-0001,낙지무침,중복 FOOD_CD
D114-612090000-0001,냉채_닭고기,중복 FOOD_CD
D114-615000000-0001,다시마무침,중복 FOOD_CD
D114-617000000-0001,달래무침,중복 FOOD_CD
D114-619000000-0001,도라지생채,중복 FOOD_CD
D114-622340000-0001,두릅무침_초고추장,중복 FOOD_CD
D114-624000000-0001,마늘쫑무침,중복 FOOD_CD
D114-626000000-0001,무말랭이무침,중복 FOOD_CD
D114-627000000-0001,무생채,중복 FOOD_CD
D114-627050000-0001,무생채_굴,중복 FOOD_CD
D114-629100000-0001,묵무침_도토리묵,중복 FOOD_CD
D114-630280000-0001,물회_오징어,중복 FOOD_CD
D114-631000000-0001,미나리무침,중복 FOOD_CD
D114-632000000-0001,미역초무침,중복 FOOD_CD
D114-633000000-0001,민들레잎무침,중복 FOOD_CD
D114-636060000-0001,버섯무침_느타리버섯,중복 FOOD_CD
D114-637000000-0001,부추무침,중복 FOOD_CD
D114-637240000-0001,부추무침_양파,중복 FOOD_CD
D114-638000000-0001,북어채무침,중복 FOOD_CD
D114-640020000-0001,샐러드_감자,중복 FOOD_CD
D114-640070000-0001,샐러드_단호박,중복 FOOD_CD
D114-640080000-0001,샐러드_닭가슴살,중복 FOOD_CD
D114-640170000-0001,샐러드_새싹,중복 FOOD_CD
D114-640220000-0001,샐러드_양배추,중복 FOOD_CD
D114-640230000-0001,샐러드_양상추,중복 FOOD_CD
D114-640300000-0001,샐러드_옥수수,중복 FOOD_CD
D114-640310000-0001,샐러드_참치,중복 FOOD_CD
D114-640320000-0001,샐러드_채소,중복 FOOD_CD
D114-642000000-0001,양장피,중복 FOOD_CD
D114-644140000-0001,오이무침_부추,중복 FOOD_CD
D114-645000000-0001,오이생채,중복 FOOD_CD
D114-646000000-0001,오이지무침,중복 FOOD_CD
D114-647320000-0001,오징어무침_채소,중복 FOOD_CD
D114-648000000-0001,오징어채무침,중복 FOOD_CD
D114-653000000-0001,톳나물무침,중복 FOOD_CD
D114-655000000-0001,파래무침,중복 FOOD_CD
D114-656000000-0001,파무침,중복 FOOD_CD
D114-657370000-0001,풋고추된장무침_풋고추,중복 FOOD_CD
D114-658000000-0001,풋마늘무침,중복 FOOD_CD
D114-659000000-0001,피조개무침,중복 FOOD_CD
D114-660000000-0001,해초무침,중복 FOOD_CD
D114-662000000-0001,회무침,중복 FOOD_CD
D114-662010000-0001,회무침_가오리,중복 FOOD_CD
D114-673000000-0001,돌나물무침,중복 FOOD_CD
D115-664000000-0001,고들빼기김치,중복 FOOD_CD
D115-665000000-0001,깍두기,중복 FOOD_CD
D115-666000000-0001,깻잎김치,중복 FOOD_CD
D115-667000000-0001,나박김치,중복 FOOD_CD
D115-668000000-0001,동치미,중복 FOOD_CD
D115-669020000-0001,물김치_돌나물,중복 FOOD_CD
D115-672000000-0001,보쌈김치,중복 FOOD_CD
D115-673000000-0001,부추김치,중복 FOOD_CD
D115-674000000-0001,얼갈이배추김치,중복 FOOD_CD
D115-678000000-0001,오이김치,중복 FOOD_CD
D116-684000000-0001,가자미식해,중복 FOOD_CD
D116-685020000-0001,갈치젓_양념,중복 FOOD_CD
D116-687020000-0001,멸치젓_양념,중복 FOOD_CD
D116-689020000-0001,새우젓_양념,중복 FOOD_CD
D116-690020000-0001,오징어젓_양념,중복 FOOD_CD
D116-693010000-0001,꽃게장_간장,중복 FOOD_CD
D116-693020000-0001,꽃게장_양념,중복 FOOD_CD
D117-694000000-0001,단무지,중복 FOOD_CD
D117-695000000-0001,더덕장아찌,중복 FOOD_CD
D117-699040000-0001,매실장아찌_우메보시(일본),중복 FOOD_CD
D117-701000000-0001,무짠지,중복 FOOD_CD
D117-702000000-0001,무초절임(치킨무),중복 FOOD_CD
D117-703000000-0001,오이장아찌,중복 FOOD_CD
D117-704000000-0001,오이지,중복 FOOD_CD
D117-707000000-0001,test,calories 빈값/파싱실패
D120-730000000-0001,미숫가루,중복 FOOD_CD
D127-762000000-0001,육회,중복 FOOD_CD
D201-013000000-0001,리소토/리조또_스파이시 씨푸드 리조또,중복 FOOD_CD
D201-013000000-0002,리소토/리조또_치킨 크림 리조또,중복 FOOD_CD
D201-013000000-0003,리소토/리조또_베이컨크림리조또,중복 FOOD_CD
D201-017000000-0001,볶음밥_갈비천왕 치즈 치밥,중복 FOOD_CD
D201-017000000-0002,볶음밥_달걀듬뿍 볶음밥,중복 FOOD_CD
D201-017000000-0003,볶음밥_닭갈비 볶음밥,중복 FOOD_CD
D201-017000000-0004,볶음밥_볼케이노 치즈 치밥,중복 FOOD_CD
D201-017000000-0005,볶음밥_의성마늘 볶음밥,중복 FOOD_CD
D201-017000000-0006,볶음밥_낙지볶음밥,중복 FOOD_CD
D201-017000000-0007,볶음밥_불고기볶음밥,중복 FOOD_CD
D201-017260000-0001,볶음밥_새우볶음밥,중복 FOOD_CD
D201-017630000-0001,볶음밥_목동햄볶음밥,중복 FOOD_CD
D201-028000000-0001,오므라이스_수플레 오믈렛 라이스,중복 FOOD_CD
D201-035000000-0001,주먹밥_까르보나라 구운주먹밥,중복 FOOD_CD
D201-035000000-0002,주먹밥_매콤 로제 구운주먹밥,중복 FOOD_CD
D201-035000000-0003,주먹밥_전주비빔라이스버거,중복 FOOD_CD
D201-035000000-0004,주먹밥_까르보나라 구운주먹밥,중복 FOOD_CD
D201-035000000-0005,주먹밥_매콤 로제 구운주먹밥,중복 FOOD_CD
D201-059200000-0001,김치 볶음밥_치즈오븐김치볶음밥,중복 FOOD_CD
D201-059200000-0002,김치 볶음밥_치즈오븐김치볶음밥,중복 FOOD_CD
D202-074000000-0001,찹쌀떡_요아정 고구마크림 찹쌀떡,중복 FOOD_CD
D202-074000000-0002,찹쌀떡_요아정 딸기요거트크림 찹쌀떡,중복 FOOD_CD
D202-074000000-0003,찹쌀떡_요아정 쑥팥크림 찹쌀떡,중복 FOOD_CD
D202-074000000-0004,찹쌀떡_요아정 카스테라 생크림 찹쌀떡,중복 FOOD_CD
D202-075000000-0001,감자빵_강원도알감자빵 (5개입),중복 FOOD_CD
D202-075000000-0002,감자빵_강원도알감자빵,중복 FOOD_CD
D202-075000000-0003,감자빵_감자쫀득볼,중복 FOOD_CD
D202-075000000-0004,감자빵_못난이 감자크럼볼,중복 FOOD_CD
D202-075000000-0005,감자빵_포슬쫀득 감자빵,중복 FOOD_CD
D202-075000000-0006,감자빵_못난이감자크럼볼,중복 FOOD_CD
D202-075000000-0007,감자빵_진짜감자빵,중복 FOOD_CD
D202-075000000-0008,감자빵_쫀득 감자빵,중복 FOOD_CD
D202-075000000-0009,감자빵_찐찐 감자빵,중복 FOOD_CD
D202-075000000-0010,감자빵_포슬쫀득감자빵,중복 FOOD_CD
D202-076000000-0001,건포도빵_건포도빵 (대),중복 FOOD_CD
D202-076000000-0002,건포도빵_건포도빵 (소),중복 FOOD_CD
D202-076000000-0003,건포도빵_우리쌀건포도브레드,중복 FOOD_CD
D202-077000000-0001,계란빵_쌀계란빵,중복 FOOD_CD
D202-077000000-0002,계란빵_트윈에그 브레드,중복 FOOD_CD
D202-077000000-0003,계란빵_콘치즈 계란빵,중복 FOOD_CD
D202-078000000-0001,기타빵_밤이랑고구마랑,중복 FOOD_CD
D202-078000000-0002,기타빵_별님고구마,중복 FOOD_CD
D202-078000000-0003,기타빵_춘천 감자빵,중복 FOOD_CD
D202-078000000-0005,기타빵_까눌레,중복 FOOD_CD
D202-078000000-0006,기타빵_달콤촉촉 고구마빵,중복 FOOD_CD
D202-078000000-0007,기타빵_롤링넛츠,중복 FOOD_CD
D202-078000000-0008,기타빵_씨앗가득고소함이찰떡,중복 FOOD_CD
D202-078000000-0009,기타빵_얼그레이 까눌레,중복 FOOD_CD
D202-078000000-0010,기타빵_오리지널 까눌레,중복 FOOD_CD
D202-078000000-0011,기타빵_우리쌀 막걸리로 만든 초당옥수수빵,중복 FOOD_CD
D202-078000000-0012,기타빵_카라멜아몬드,중복 FOOD_CD
D202-078000000-0013,기타빵_톡톡쫄깃 옥수수빵,중복 FOOD_CD
D202-078000000-0014,기타빵_고구마스틱,중복 FOOD_CD
D202-078000000-0015,기타빵_달콩찹쌀브레드,중복 FOOD_CD
D202-078000000-0016,기타빵_마늘단짝고구마,중복 FOOD_CD
D202-078000000-0017,기타빵_슈크림치즈스틱,중복 FOOD_CD
D202-078000000-0018,기타빵_스트링치즈스틱,중복 FOOD_CD
D202-078000000-0019,기타빵_씨앗깜파뉴(Half),중복 FOOD_CD
D202-078000000-0020,기타빵_씨앗깜파뉴(대),중복 FOOD_CD
D202-078000000-0021,기타빵_씨앗깜파뉴(소),중복 FOOD_CD
D202-078000000-0022,기타빵_얼그레이까눌레,중복 FOOD_CD
D202-078000000-0023,기타빵_연유버터라우겐,중복 FOOD_CD
D202-078000000-0024,기타빵_오리지널까눌레,중복 FOOD_CD
D202-078000000-0025,기타빵_옥수수범벅,중복 FOOD_CD
D202-078000000-0026,기타빵_잔슨빌스틱,중복 FOOD_CD
D202-078000000-0027,기타빵_제주쑥오메기빵,중복 FOOD_CD
D202-078000000-0028,기타빵_코코넛로쉐(낱개),중복 FOOD_CD
D202-078000000-0029,기타빵_콩팥담뿍브레드,중복 FOOD_CD
D202-078000000-0030,기타빵_콩팥담뿍브레드(Half),중복 FOOD_CD
D202-078000000-0031,기타빵_통밀스틱,중복 FOOD_CD
D202-078000000-0032,기타빵_흑미브래드스틱,중복 FOOD_CD
D202-078000000-0033,기타빵_고구마빵,중복 FOOD_CD
D202-078000000-0034,기타빵_까눌레,중복 FOOD_CD
D202-078000000-0035,기타빵_달달 고구마빵,중복 FOOD_CD
D202-078000000-0036,기타빵_달콤촉촉고구마빵,중복 FOOD_CD
D202-078000000-0037,기타빵_진짜고구마빵,중복 FOOD_CD
D202-078000000-0038,기타빵_쫀득 고구마빵,중복 FOOD_CD
D202-078000000-0039,기타빵_톡톡 초당옥수수빵,중복 FOOD_CD
D202-078000000-0040,기타빵_통통 옥수수빵,중복 FOOD_CD
D202-079000000-0001,깨찰빵_깨찰빵,중복 FOOD_CD
D202-079000000-0003,깨찰빵_씨앗찰빵,중복 FOOD_CD
D202-079000000-0004,깨찰빵_쫀득쫀득한찰깨빵 (2개입),중복 FOOD_CD
D202-079000000-0005,깨찰빵_쫀득쫀득한찰깨빵,중복 FOOD_CD
D202-079000000-0006,깨찰빵_쫀득한모카찰깨빵,중복 FOOD_CD
D202-079000000-0007,깨찰빵_깨찰빵,중복 FOOD_CD
D202-079000000-0008,깨찰빵_우리찹쌀모카찰떡빵,중복 FOOD_CD
D202-079000000-0009,깨찰빵_쫀득고소한 추억의 찰깨빵,중복 FOOD_CD
D202-082000000-0001,도넛_고구마품은 꽈배기,중복 FOOD_CD
D202-082000000-0002,도넛_골드초코 허니비 도넛,중복 FOOD_CD
D202-082000000-0003,도넛_글레이즈드 사워크림 도넛,중복 FOOD_CD
D202-082000000-0004,도넛_글레이즈드 초콜릿 케익 도넛,중복 FOOD_CD
D202-082000000-0005,도넛_글레이즈츄잉스타,중복 FOOD_CD
D202-082000000-0006,도넛_기라델리민트초코링 도넛,중복 FOOD_CD
D202-082000000-0007,도넛_깨찰 도넛,중복 FOOD_CD
D202-082000000-0008,도넛_깨찰 도넛,중복 FOOD_CD
D202-082000000-0009,도넛_뉴욕 치즈케익 도넛,중복 FOOD_CD
D202-082000000-0010,도넛_뉴패스트리 도넛,중복 FOOD_CD
D202-082000000-0011,도넛_다크초코링도넛,중복 FOOD_CD
D202-082000000-0013,도넛_단팥도너츠,중복 FOOD_CD
D202-082000000-0014,도넛_단팥품은 꽈배기,중복 FOOD_CD
D202-082000000-0015,도넛_달콤한 꿀도넛,중복 FOOD_CD
D202-082000000-0016,도넛_달콤한꿀도넛 (3개입),중복 FOOD_CD
D202-082000000-0017,도넛_달콤한꿀도넛 (4개입),중복 FOOD_CD
D202-082000000-0018,도넛_달콤한꿀도넛 (5개입),중복 FOOD_CD
D202-082000000-0019,도넛_달콤한 왕꽈배기,중복 FOOD_CD
D202-082000000-0020,도넛_던킨카페모카롤,중복 FOOD_CD
D202-082000000-0021,도넛_데니쉬 꽈배기,중복 FOOD_CD
D202-082000000-0022,도넛_돌돌말린소시지 도넛,중복 FOOD_CD
D202-082000000-0023,도넛_딸기 와플넛,중복 FOOD_CD
D202-082000000-0024,도넛_딸기 우유크림 듬뿍 도넛,중복 FOOD_CD
D202-082000000-0025,도넛_딸기마카롱 도넛,중복 FOOD_CD
D202-082000000-0026,도넛_딸기츄이스티 도넛,중복 FOOD_CD
D202-082000000-0027,도넛_또르체티 이탈리아 꽈배기과자,중복 FOOD_CD
D202-082000000-0028,도넛_러블리듀얼하트 도넛,중복 FOOD_CD
D202-082000000-0029,도넛_레이디버그 도넛,중복 FOOD_CD
D202-082000000-0031,도넛_루비초코 블라썸 도넛,중복 FOOD_CD
D202-082000000-0032,도넛_못난이찹쌀고구마크림치즈 도넛,중복 FOOD_CD
D202-082000000-0033,도넛_못난이찹쌀깨찰 도넛,중복 FOOD_CD
D202-082000000-0034,도넛_못난이찹쌀 꽈배기,중복 FOOD_CD
D202-082000000-0035,도넛_못난이찹쌀모짜렐라치즈 도넛,중복 FOOD_CD
D202-082000000-0036,도넛_못난이찹쌀유자 도넛,중복 FOOD_CD
D202-082000000-0037,도넛_못난이찹쌀팥 도넛,중복 FOOD_CD
D202-082000000-0038,도넛_미니 오리지널 글레이즈드 도넛,중복 FOOD_CD
D202-082000000-0039,도넛_미니찹쌀도너츠,중복 FOOD_CD
D202-082000000-0040,도넛_미니찹쌀 도넛 (3개입),중복 FOOD_CD
D202-082000000-0041,도넛_미니찹쌀 도넛 (4개입),중복 FOOD_CD
D202-082000000-0042,도넛_미니찹쌀 도넛 (5개입),중복 FOOD_CD
D202-082000000-0043,도넛_미니찹쌀 도넛,중복 FOOD_CD
D202-082000000-0044,도넛_미니찹쌀 도넛,중복 FOOD_CD
D202-082000000-0045,도넛_밀크크림 플라워 도넛,중복 FOOD_CD
D202-082000000-0046,도넛_베리베리크림 도넛,중복 FOOD_CD
D202-082000000-0047,도넛_베이크드 헤이즐넛 쇼콜라넛,중복 FOOD_CD
D202-082000000-0048,도넛_보스톤크림 도넛,중복 FOOD_CD
D202-082000000-0049,도넛_생도넛,중복 FOOD_CD
D202-082000000-0050,도넛_생도넛,중복 FOOD_CD
D202-082000000-0051,도넛_소금우유 도넛,중복 FOOD_CD
D202-082000000-0052,도넛_소보로만난 앙넛,중복 FOOD_CD
D202-082000000-0053,도넛_솔티카라멜바이츠 도넛,중복 FOOD_CD
D202-082000000-0054,도넛_송사부 꽈배기,중복 FOOD_CD
D202-082000000-0055,도넛_슈거코티드 도넛,중복 FOOD_CD
D202-082000000-0056,도넛_스노우링 도넛,중복 FOOD_CD
D202-082000000-0057,도넛_시나몬슈가링 도넛,중복 FOOD_CD
D202-082000000-0058,도넛_아몬드초코링 도넛,중복 FOOD_CD
D202-082000000-0059,도넛_엄마랑장볼때먹던그때그도나쓰,중복 FOOD_CD
D202-082000000-0061,도넛_오리지널 글레이즈드 도넛,중복 FOOD_CD
D202-082000000-0062,도넛_오리지널 바이츠 도넛,중복 FOOD_CD
D202-082000000-0063,도넛_오리지널 우유 크림 필드 도넛,중복 FOOD_CD
D202-082000000-0064,도넛_오리지널 초콜릿 필드 도넛,중복 FOOD_CD
D202-082000000-0065,도넛_옥수수꽈배기 도넛,중복 FOOD_CD
D202-082000000-0066,도넛_옥수수찹쌀 도넛,중복 FOOD_CD
D202-082000000-0067,도넛_올드훼션드먼치킨,중복 FOOD_CD
D202-082000000-0068,도넛_올리브츄이스티 도넛,중복 FOOD_CD
D202-082000000-0069,도넛_왕크림 도넛,중복 FOOD_CD
D202-082000000-0070,도넛_요거트올드훼션드 도넛,중복 FOOD_CD
D202-082000000-0071,도넛_우유크림 듬뿍 도넛,중복 FOOD_CD
D202-082000000-0072,도넛_쫄깃한 왕꽈배기,중복 FOOD_CD
D202-082000000-0073,도넛_쫄깃한찹쌀 도넛,중복 FOOD_CD
D202-082000000-0074,도넛_쫄깃한찹쌀스틱 시나몬,중복 FOOD_CD
D202-082000000-0075,도넛_찹쌀꽈배기도너츠,중복 FOOD_CD
D202-082000000-0076,도넛_찹쌀 꽈배기,중복 FOOD_CD
D202-082000000-0077,도넛_찹쌀도너츠,중복 FOOD_CD
D202-082000000-0078,도넛_찹쌀 도넛,중복 FOOD_CD
D202-082000000-0079,도넛_찹쌀 도넛,중복 FOOD_CD
D202-082000000-0080,도넛_찹쌀페스츄리 도넛,중복 FOOD_CD
D202-082000000-0081,도넛_초코 와플넛 도넛,중복 FOOD_CD
D202-082000000-0082,도넛_초코마카롱 도넛,중복 FOOD_CD
D202-082000000-0083,도넛_초코베리듀얼하트 도넛,중복 FOOD_CD
D202-082000000-0084,도넛_초코홀릭 도넛,중복 FOOD_CD
D202-082000000-0085,도넛_초콜릿 아이스드 글레이즈드 도넛,중복 FOOD_CD
D202-082000000-0086,도넛_카라멜 아이스드 도넛,중복 FOOD_CD
D202-082000000-0087,도넛_카스테라크림 꽈배기,중복 FOOD_CD
D202-082000000-0089,도넛_카카오후로스티드 도넛,중복 FOOD_CD
D202-082000000-0090,도넛_카푸치노츄이스티 도넛,중복 FOOD_CD
D202-082000000-0091,도넛_케익꽈배기 도넛,중복 FOOD_CD
D202-082000000-0092,도넛_켈로그우유 도넛,중복 FOOD_CD
D202-082000000-0093,도넛_쿠키&다크초코링도넛,중복 FOOD_CD
D202-082000000-0094,도넛_쿠키&화이트초코링도넛,중복 FOOD_CD
D202-082000000-0095,도넛_크로넛 글레이즈드 도넛,중복 FOOD_CD
D202-082000000-0096,도넛_크림치즈 찹쌀도넛 (2개입),중복 FOOD_CD
D202-082000000-0097,도넛_크림치즈 찹쌀도넛,중복 FOOD_CD
D202-082000000-0098,도넛_통밀꽈배기,중복 FOOD_CD
D202-082000000-0099,도넛_트위스트 글레이즈드 도넛,중복 FOOD_CD
D202-082000000-0100,도넛_팥도넛,중복 FOOD_CD
D202-082000000-0101,도넛_팥이팅 소보루 도넛,중복 FOOD_CD
D202-082000000-0102,도넛_페이머스 글레이즈드 도넛,중복 FOOD_CD
D202-082000000-0103,도넛_프리미엄 스트로베리 필드 도넛,중복 FOOD_CD
D202-082000000-0104,도넛_해피버스데이 도넛,중복 FOOD_CD
D202-082000000-0105,도넛_허니후리터,중복 FOOD_CD
D202-082000000-0106,도넛_화이트초코링 도넛,중복 FOOD_CD
D202-082000000-0107,도넛_화이트초코츄잉스타 도넛,중복 FOOD_CD
D202-082000000-0108,도넛_흑미찹쌀 도넛,중복 FOOD_CD
D202-082000000-0109,도넛_BEURRE 헤이즐넛&바닐라 도넛,중복 FOOD_CD
D202-082000000-0110,도넛_BEURRE 버터넛,중복 FOOD_CD
D202-082000000-0111,도넛_남해마늘로만든버터갈릭 꽈배기,중복 FOOD_CD
D202-082000000-0112,도넛_단팥 도넛,중복 FOOD_CD
D202-082000000-0114,도넛_더블카라멜 도넛,중복 FOOD_CD
D202-082000000-0115,도넛_동글아기찹쌀 도넛,중복 FOOD_CD
D202-082000000-0116,도넛_디어 마이 러브 도넛,중복 FOOD_CD
D202-082000000-0117,도넛_딸기 도넛,중복 FOOD_CD
D202-082000000-0118,도넛_라즈베리블라썸 도넛,중복 FOOD_CD
D202-082000000-0119,도넛_레드벨벳 먼치킨 도넛,중복 FOOD_CD
D202-082000000-0120,도넛_레몬 도넛,중복 FOOD_CD
D202-082000000-0121,도넛_메이플링 도넛,중복 FOOD_CD
D202-082000000-0122,도넛_바닐라 도넛,중복 FOOD_CD
D202-082000000-0123,도넛_바닐라빈 바이츠 도넛,중복 FOOD_CD
D202-082000000-0124,도넛_바닐라초코볼 도넛,중복 FOOD_CD
D202-082000000-0125,도넛_바바리안 먼치킨 도넛,중복 FOOD_CD
D202-082000000-0126,도넛_바바리안필드 도넛,중복 FOOD_CD
D202-082000000-0127,도넛_바삭64겹 꽈배기,중복 FOOD_CD
D202-082000000-0128,도넛_벨지안초코 도넛,중복 FOOD_CD
D202-082000000-0129,도넛_생크림폭탄 도넛,중복 FOOD_CD
D202-082000000-0130,도넛_생크림폭탄 도넛 (3개입),중복 FOOD_CD
D202-082000000-0131,도넛_스트로베리 먼치킨 도넛,중복 FOOD_CD
D202-082000000-0132,도넛_스트로베리 필드 도넛,중복 FOOD_CD
D202-082000000-0133,도넛_아침햇살 쌀꽈배기 도넛,중복 FOOD_CD
D202-082000000-0134,도넛_앙버터 도넛,중복 FOOD_CD
D202-082000000-0135,도넛_용감한 쿠키 도넛,중복 FOOD_CD
D202-082000000-0136,도넛_우리찹쌀 왕꽈배기,중복 FOOD_CD
D202-082000000-0137,도넛_우유 도넛,중복 FOOD_CD
D202-082000000-0138,도넛_제주말차 우유 도넛,중복 FOOD_CD
D202-082000000-0139,도넛_쫀드칸꽈배기 시나몬슈가,중복 FOOD_CD
D202-082000000-0141,도넛_초당옥수수크림찹쌀 도넛,중복 FOOD_CD
D202-082000000-0142,도넛_초코 도넛,중복 FOOD_CD
D202-082000000-0143,도넛_초코 마카롱 도넛,중복 FOOD_CD
D202-082000000-0144,도넛_초코 우유크림 듬뿍 도넛,중복 FOOD_CD
D202-082000000-0145,도넛_초코크런치 도넛,중복 FOOD_CD
D202-082000000-0146,도넛_추억의 옥수수 꽈배기 도넛,중복 FOOD_CD
D202-082000000-0148,도넛_추억의생도나스 (2개입),중복 FOOD_CD
D202-082000000-0149,도넛_추억의생도나스 (3개입),중복 FOOD_CD
D202-082000000-0150,도넛_츄러스 꽈배기,중복 FOOD_CD
D202-082000000-0151,도넛_카스텔라 꽈배기,중복 FOOD_CD
D202-082000000-0152,도넛_카카오하니딥 도넛,중복 FOOD_CD
D202-082000000-0153,도넛_카카오하니딥먼치킨 도넛,중복 FOOD_CD
D202-082000000-0154,도넛_커스터드 도넛,중복 FOOD_CD
D202-082000000-0156,도넛_쿠키앤크림 도넛,중복 FOOD_CD
D202-082000000-0157,도넛_크리스탈슈가 도넛,중복 FOOD_CD
D202-082000000-0158,도넛_트러플 크림 듬뿍 도넛,중복 FOOD_CD
D202-082000000-0159,도넛_퐁신퐁신우유 도넛,중복 FOOD_CD
D202-082000000-0160,도넛_플라밍고 도넛,중복 FOOD_CD
D202-082000000-0161,도넛_허니 올드훼션드 도넛,중복 FOOD_CD
D202-082000000-0162,도넛_허니찹쌀스틱,중복 FOOD_CD
D202-082000000-0163,도넛_화이트유니버스 도넛,중복 FOOD_CD
D202-082000000-0164,도넛_흑미고구마찹쌀 도넛,중복 FOOD_CD
D202-082000000-0165,도넛_흑임자크림찹쌀 도넛,중복 FOOD_CD
D202-082000000-0166,도넛_가을 밤 필드,중복 FOOD_CD
D202-082000000-0167,도넛_골든 카레 초코 퍼프,중복 FOOD_CD
D202-082000000-0168,도넛_그리핀도르,중복 FOOD_CD
D202-082000000-0169,도넛_글레이즈드 사워크림,중복 FOOD_CD
D202-082000000-0170,도넛_꿀고구마 브륄레 도넛,중복 FOOD_CD
D202-082000000-0171,도넛_꿀고구마 츄이스티,중복 FOOD_CD
D202-082000000-0172,도넛_다크초코츄잉스타,중복 FOOD_CD
D202-082000000-0173,도넛_더쫄깃해진그때그도나쓰(5개입),중복 FOOD_CD
D202-082000000-0174,도넛_던킨 카페모카롤,중복 FOOD_CD
D202-082000000-0175,도넛_돌돌말린소시지도넛,중복 FOOD_CD
D202-082000000-0176,도넛_두바이 스타일 초코,중복 FOOD_CD
D202-082000000-0177,도넛_두바이 스타일 초콜릿 도넛,중복 FOOD_CD
D202-082000000-0178,도넛_딸기 요거트 크림도넛,중복 FOOD_CD
D202-082000000-0179,도넛_딸기 크림 가득 수줍은 스마일,중복 FOOD_CD
D202-082000000-0180,도넛_라이브 글레이즈드,중복 FOOD_CD
D202-082000000-0181,도넛_라즈베리 치즈케이크 퍼프,중복 FOOD_CD
D202-082000000-0182,도넛_래번클로,중복 FOOD_CD
D202-082000000-0183,도넛_레몬 크림도넛,중복 FOOD_CD
D202-082000000-0184,도넛_레몬 크림브륄레 도넛,중복 FOOD_CD
D202-082000000-0185,도넛_레몬 파운드 도넛,중복 FOOD_CD
D202-082000000-0186,도넛_레인보우 원더볼,중복 FOOD_CD
D202-082000000-0187,도넛_로투스 비스코프 도넛,중복 FOOD_CD
D202-082000000-0188,도넛_마이볼,중복 FOOD_CD
D202-082000000-0189,도넛_마쵸 머스태쉬 도넛,중복 FOOD_CD
D202-082000000-0190,도넛_맘모스 듀얼필드,중복 FOOD_CD
D202-082000000-0191,도넛_모카무스 초코퍼프,중복 FOOD_CD
D202-082000000-0192,도넛_미니 오리지널 글레이즈드,중복 FOOD_CD
D202-082000000-0193,도넛_바나나크림도넛(1개입),중복 FOOD_CD
D202-082000000-0194,도넛_바닐라 슈크림도넛,중복 FOOD_CD
D202-082000000-0195,도넛_바바리안 먼치킨,중복 FOOD_CD
D202-082000000-0196,도넛_바바리안 필드,중복 FOOD_CD
D202-082000000-0197,도넛_바질 에그베네딕트,중복 FOOD_CD
D202-082000000-0198,도넛_밤티라미수 퍼프,중복 FOOD_CD
D202-082000000-0199,도넛_베리머치 퍼프,중복 FOOD_CD
D202-082000000-0200,도넛_보스톤 크림,중복 FOOD_CD
D202-082000000-0201,도넛_서울우유 크림도넛,중복 FOOD_CD
D202-082000000-0202,도넛_소금 우유도넛,중복 FOOD_CD
D202-082000000-0203,도넛_솔티드 쿠키도우 도넛,중복 FOOD_CD
D202-082000000-0204,도넛_솔티연유 퍼프,중복 FOOD_CD
D202-082000000-0205,도넛_슈거글레이즈도넛,중복 FOOD_CD
D202-082000000-0206,도넛_슈거코티드,중복 FOOD_CD
D202-082000000-0207,도넛_슈크림브륄레,중복 FOOD_CD
D202-082000000-0208,도넛_슈크림카스테라,중복 FOOD_CD
D202-082000000-0209,도넛_스노우 원더볼,중복 FOOD_CD
D202-082000000-0210,도넛_스리라차 에그베네딕트,중복 FOOD_CD
D202-082000000-0211,도넛_스트라이크,중복 FOOD_CD
D202-082000000-0212,도넛_스트로베리 먼치킨,중복 FOOD_CD
D202-082000000-0213,도넛_슬리데린,중복 FOOD_CD
D202-082000000-0214,도넛_시나몬 츄로넛,중복 FOOD_CD
D202-082000000-0215,도넛_시나몬피칸 크럼블도넛,중복 FOOD_CD
D202-082000000-0216,도넛_시크릿블랙,중복 FOOD_CD
D202-082000000-0217,도넛_시크릿코랄핑크,중복 FOOD_CD
D202-082000000-0218,도넛_시크릿화이트,중복 FOOD_CD
D202-082000000-0219,도넛_아이스크림 레몬파운드 도넛,중복 FOOD_CD
D202-082000000-0220,도넛_아임 파인,중복 FOOD_CD
D202-082000000-0221,도넛_애플시나몬 파이필드,중복 FOOD_CD
D202-082000000-0222,도넛_옛날꽈배기도넛,중복 FOOD_CD
D202-082000000-0223,도넛_옛날단팥도넛,중복 FOOD_CD
D202-082000000-0224,도넛_옛날왕슈크림도넛,중복 FOOD_CD
D202-082000000-0225,도넛_오리지널 글레이즈드,중복 FOOD_CD
D202-082000000-0226,도넛_오리지널 우유 크림 필드,중복 FOOD_CD
D202-082000000-0227,도넛_오리지널 초콜릿 필드,중복 FOOD_CD
D202-082000000-0228,도넛_오리지널 케이크 먼치킨,중복 FOOD_CD
D202-082000000-0229,도넛_올리브 츄이스티,중복 FOOD_CD
D202-082000000-0230,도넛_우유크림 듬뿍,중복 FOOD_CD
D202-082000000-0231,도넛_젠틀 머스태쉬 도넛,중복 FOOD_CD
D202-082000000-0232,도넛_조청 유과 도넛,중복 FOOD_CD
D202-082000000-0233,도넛_조청왕꽈배기,중복 FOOD_CD
D202-082000000-0234,도넛_초코 올드훼션드,중복 FOOD_CD
D202-082000000-0235,도넛_초코 크러쉬 도넛,중복 FOOD_CD
D202-082000000-0236,도넛_초코마카롱도넛,중복 FOOD_CD
D202-082000000-0237,도넛_초코밤 원더볼,중복 FOOD_CD
D202-082000000-0238,도넛_초코홀릭,중복 FOOD_CD
D202-082000000-0239,도넛_초콜릿 아이스드 글레이즈드,중복 FOOD_CD
D202-082000000-0240,도넛_추억의 생도나스,중복 FOOD_CD
D202-082000000-0241,도넛_추억의생도나스,중복 FOOD_CD
D202-082000000-0242,도넛_츄러스꽈배기,중복 FOOD_CD
D202-082000000-0243,도넛_카스테라생크림도넛(1개입),중복 FOOD_CD
D202-082000000-0244,도넛_카스텔라 도넛,중복 FOOD_CD
D202-082000000-0245,도넛_카카오 파운드 케이크,중복 FOOD_CD
D202-082000000-0246,도넛_카카오 하니딥,중복 FOOD_CD
D202-082000000-0247,도넛_카카오 후로스티드,중복 FOOD_CD
D202-082000000-0248,도넛_카카오하니딥 먼치킨,중복 FOOD_CD
D202-082000000-0249,도넛_카푸치노 츄이스티,중복 FOOD_CD
D202-082000000-0250,도넛_케익꽈배기도넛,중복 FOOD_CD
D202-082000000-0251,도넛_콘버터 꽈배기 with 에쉬레 버터,중복 FOOD_CD
D202-082000000-0252,도넛_콘버터 바이츠 with 에쉬레 버터,중복 FOOD_CD
D202-082000000-0253,도넛_콘버터 브륄레 with 에쉬레 버터,중복 FOOD_CD
D202-082000000-0254,도넛_콘크림 브륄레,중복 FOOD_CD
D202-082000000-0255,도넛_쿠키 앤 화이트 크림,중복 FOOD_CD
D202-082000000-0256,도넛_쿠키밤 원더볼,중복 FOOD_CD
D202-082000000-0257,도넛_쿠키앤 크림 도넛,중복 FOOD_CD
D202-082000000-0258,도넛_크런치피넛버터,중복 FOOD_CD
D202-082000000-0259,도넛_크림치즈꽈배기,중복 FOOD_CD
D202-082000000-0260,도넛_킷캣 초코 스트로베리,중복 FOOD_CD
D202-082000000-0261,도넛_팥도너츠,중복 FOOD_CD
D202-082000000-0262,도넛_팥빙수맛 크림도넛,중복 FOOD_CD
D202-082000000-0263,도넛_프리미엄 스트로베리 필드,중복 FOOD_CD
D202-082000000-0264,도넛_핑크 블라썸 듀얼하트,중복 FOOD_CD
D202-082000000-0265,도넛_하이 카카오 도넛,중복 FOOD_CD
D202-082000000-0266,도넛_허니 올드훼션드,중복 FOOD_CD
D202-082000000-0267,도넛_허니 후리터,중복 FOOD_CD
D202-082000000-0268,도넛_헤이즐넛 로쉐,중복 FOOD_CD
D202-082000000-0269,도넛_후플푸프,중복 FOOD_CD
D202-082000000-0270,도넛_흑임자 카스텔라 도넛,중복 FOOD_CD
D202-082000000-0271,도넛_딸기 도넛,중복 FOOD_CD
D202-082000000-0272,도넛_레몬 도넛,중복 FOOD_CD
D202-082000000-0273,도넛_바닐라 도넛,중복 FOOD_CD
D202-082000000-0274,도넛_우유 도넛,중복 FOOD_CD
D202-082000000-0275,도넛_초코 도넛,중복 FOOD_CD
D202-082000000-0276,도넛_쿠키앤크림 도넛,중복 FOOD_CD
D202-082120000-0001,도넛_딸기필링 듬뿍 생도넛,중복 FOOD_CD
D202-082120000-0002,도넛_로우슈가 초코링,중복 FOOD_CD
D202-082290000-0001,도넛_달콤한 우리찹쌀 왕꽈배기,중복 FOOD_CD
D202-082290000-0002,도넛_못난이찹쌀고구마크림치즈도넛,중복 FOOD_CD
D202-082290000-0003,도넛_못난이찹쌀깨찰도넛,중복 FOOD_CD
D202-082290000-0004,도넛_못난이찹쌀꽈배기,중복 FOOD_CD
D202-082290000-0005,도넛_못난이찹쌀모짜렐라치즈도넛,중복 FOOD_CD
D202-082290000-0006,도넛_못난이찹쌀유자도넛,중복 FOOD_CD
D202-082290000-0007,도넛_못난이찹쌀팥도넛,중복 FOOD_CD
D202-082290000-0008,도넛_미니찹쌀도넛,중복 FOOD_CD
D202-082290000-0009,도넛_미니찹쌀도넛(3개입),중복 FOOD_CD
D202-082290000-0010,도넛_미니찹쌀도넛(4개입),중복 FOOD_CD
D202-082290000-0011,도넛_미니찹쌀도넛(5개입),중복 FOOD_CD
D202-082290000-0012,도넛_우리찹쌀왕꽈배기,중복 FOOD_CD
D202-082290000-0013,도넛_쫄깃한찹쌀도넛,중복 FOOD_CD
D202-082290000-0014,도넛_찹쌀꽈배기,중복 FOOD_CD
D202-082290000-0015,도넛_찹쌀도너츠,중복 FOOD_CD
D202-082290000-0016,도넛_찹쌀도넛,중복 FOOD_CD
D202-082290000-0017,도넛_허니 찹쌀스틱,중복 FOOD_CD
D202-082290000-0018,도넛_허니찹쌀스틱,중복 FOOD_CD
D202-083000000-0001,또띠아_뉴비프 브리또,중복 FOOD_CD
D202-083000000-0002,또띠아_또띠아 (L),중복 FOOD_CD
D202-083000000-0003,또띠아_또띠아 (S),중복 FOOD_CD
D202-083000000-0005,또띠아_머스타드치킨 브리또,중복 FOOD_CD
D202-083000000-0006,또띠아_미트살사소시지 브리또,중복 FOOD_CD
D202-083000000-0007,또띠아_바삭 불고기&트리플 치즈 치킨 퀘사디아,중복 FOOD_CD
D202-083000000-0008,또띠아_불고기 브리또,중복 FOOD_CD
D202-083000000-0009,또띠아_불고기 베이크,중복 FOOD_CD
D202-083000000-0010,또띠아_불닭 베이크,중복 FOOD_CD
D202-083000000-0011,또띠아_소고기 브리또,중복 FOOD_CD
D202-083000000-0012,또띠아_치킨 치즈 브리또,중복 FOOD_CD
D202-083000000-0013,또띠아_핫치킨 브리또,중복 FOOD_CD
D202-083000000-0014,또띠아_핫치킨 브리또,중복 FOOD_CD
D202-083000000-0015,또띠아_핫칠리치킨 브리또,중복 FOOD_CD
D202-083000000-0016,또띠아_라구듬뿍치즈 브리또,중복 FOOD_CD
D202-083000000-0017,또띠아_불고기 브리또,중복 FOOD_CD
D202-083000000-0018,또띠아_치킨 브리또,중복 FOOD_CD
D202-083000000-0019,또띠아_트위스터,중복 FOOD_CD
D202-083000000-0020,또띠아_매콤치킨랩,중복 FOOD_CD
D202-083000000-0021,또띠아_베지텐더밸런스랩,중복 FOOD_CD
D202-083000000-0022,또띠아_싱그러운치킨텐더그린랩,중복 FOOD_CD
D202-083000000-0023,또띠아_크리스퍼랩,중복 FOOD_CD
D202-083000000-0024,또띠아_김치 부리또,중복 FOOD_CD
D202-083000000-0025,또띠아_바삭 불고기 & 트리플 치즈 치킨 퀘사디아,중복 FOOD_CD
D202-083000000-0026,또띠아_불고기 브리또,중복 FOOD_CD
D202-083000000-0027,또띠아_소고기 브리또,중복 FOOD_CD
D202-083000000-0028,또띠아_핫치킨 부리또,중복 FOOD_CD
D202-083000000-0029,또띠아_핫치킨 브리또,중복 FOOD_CD
D202-083000000-0030,또띠아_핫칠리치킨 브리또,중복 FOOD_CD
D202-084000000-0001,롤빵_달콤한크림치즈시나몬롤,중복 FOOD_CD
D202-084000000-0002,롤빵_클래식시나몬롤,중복 FOOD_CD
D202-084000000-0003,롤빵_녹차 도쿄롤 (L),중복 FOOD_CD
D202-084000000-0004,롤빵_녹차 도쿄롤 (S),중복 FOOD_CD
D202-084000000-0005,롤빵_달달연유롤빵,중복 FOOD_CD
D202-084000000-0006,롤빵_달달연유롤빵 (3개입),중복 FOOD_CD
D202-084000000-0007,롤빵_망고 도쿄롤 (L),중복 FOOD_CD
D202-084000000-0008,롤빵_망고 도쿄롤 (S),중복 FOOD_CD
D202-084000000-0009,롤빵_목장의아침우유롤,중복 FOOD_CD
D202-084000000-0010,롤빵_오리지널 도쿄롤 (L),중복 FOOD_CD
D202-084000000-0011,롤빵_오리지널 도쿄롤 (S),중복 FOOD_CD
D202-084000000-0012,롤빵_우유 생크림롤,중복 FOOD_CD
D202-084000000-0013,롤빵_자색 고구마 도쿄롤 (L),중복 FOOD_CD
D202-084000000-0014,롤빵_자색 고구마 도쿄롤 (S),중복 FOOD_CD
D202-084000000-0015,롤빵_카멜크림롤,중복 FOOD_CD
D202-084000000-0016,롤빵_화이트 초코 도쿄롤 (L),중복 FOOD_CD
D202-084000000-0017,롤빵_화이트 초코 도쿄롤 (S),중복 FOOD_CD
D202-085000000-0001,마늘빵_부드러운갈릭브레드,중복 FOOD_CD
D202-085000000-0002,마늘빵_프렌치마늘빵,중복 FOOD_CD
D202-085000000-0003,마늘빵_프렌치마늘빵 (5개입),중복 FOOD_CD
D202-085000000-0004,마늘빵_마늘빵(5개입),중복 FOOD_CD
D202-085000000-0005,마늘빵_바삭마늘빵(5개입),중복 FOOD_CD
D202-086000000-0001,마카롱_갤럭시 마카롱,중복 FOOD_CD
D202-086000000-0002,마카롱_까망베르 치즈 마카롱,중복 FOOD_CD
D202-086000000-0003,마카롱_녹차 마카롱,중복 FOOD_CD
D202-086000000-0004,마카롱_녹차모찌 마카롱,중복 FOOD_CD
D202-086000000-0005,마카롱_다크 초콜릿 마카롱,중복 FOOD_CD
D202-086000000-0006,마카롱_다크초코가나슈 마카롱,중복 FOOD_CD
D202-086000000-0007,마카롱_달고나 마카롱,중복 FOOD_CD
D202-086000000-0008,마카롱_더블 초코 뚱카롱,중복 FOOD_CD
D202-086000000-0009,마카롱_딸기 마카롱,중복 FOOD_CD
D202-086000000-0010,마카롱_딸기 마카롱,중복 FOOD_CD
D202-086000000-0011,마카롱_딸기 치즈케익 뚱카롱,중복 FOOD_CD
D202-086000000-0012,마카롱_딸기가나슈 마카롱,중복 FOOD_CD
D202-086000000-0013,마카롱_딸기 마카롱,중복 FOOD_CD
D202-086000000-0014,마카롱_딸기요거트 마카롱,중복 FOOD_CD
D202-086000000-0015,마카롱_딸기 퐁카롱,중복 FOOD_CD
D202-086000000-0016,마카롱_레드벨벳 마카롱,중복 FOOD_CD
D202-086000000-0017,마카롱_레몬 마카롱,중복 FOOD_CD
D202-086000000-0018,마카롱_레인보우 마카롱 (5입),중복 FOOD_CD
D202-086000000-0019,마카롱_로즈라즈베리 뚱카롱,중복 FOOD_CD
D202-086000000-0020,마카롱_리얼블루베리 마카롱,중복 FOOD_CD
D202-086000000-0021,마카롱_리얼치즈 마카롱,중복 FOOD_CD
D202-086000000-0022,마카롱_마다가스카르바닐라 마카롱,중복 FOOD_CD
D202-086000000-0023,마카롱_마카롱,중복 FOOD_CD
D202-086000000-0024,마카롱_망고가나슈 마카롱,중복 FOOD_CD
D202-086000000-0025,마카롱_망고프로피컬 마카롱,중복 FOOD_CD
D202-086000000-0026,마카롱_메가초코 마카롱,중복 FOOD_CD
D202-086000000-0027,마카롱_민트초코 마카롱,중복 FOOD_CD
D202-086000000-0028,마카롱_바닐라 딜라이트 뚱카롱,중복 FOOD_CD
D202-086000000-0029,마카롱_바닐라 마카롱,중복 FOOD_CD
D202-086000000-0030,마카롱_바닐라 마카롱,중복 FOOD_CD
D202-086000000-0031,마카롱_바닐라 마카롱,중복 FOOD_CD
D202-086000000-0032,마카롱_바닐라 마카롱,중복 FOOD_CD
D202-086000000-0033,마카롱_바닐라 마카롱,중복 FOOD_CD
D202-086000000-0034,마카롱_바닐라 마카롱,중복 FOOD_CD
D202-086000000-0035,마카롱_벚꽃 마카롱 5종 세트,중복 FOOD_CD
D202-086000000-0036,마카롱_벨지안초콜릿 마카롱,중복 FOOD_CD
D202-086000000-0037,마카롱_블루베리 마카롱,중복 FOOD_CD
D202-086000000-0038,마카롱_블루베리 마카롱,중복 FOOD_CD
D202-086000000-0039,마카롱_블루베리 마카롱,중복 FOOD_CD
D202-086000000-0040,마카롱_블루하와이 마카롱,중복 FOOD_CD
D202-086000000-0041,마카롱_뽀또치즈 마카롱,중복 FOOD_CD
D202-086000000-0042,마카롱_산딸기 마카롱,중복 FOOD_CD
D202-086000000-0043,마카롱_산딸기 마카롱,중복 FOOD_CD
D202-086000000-0044,마카롱_샤인머스켓 마카롱,중복 FOOD_CD
D202-086000000-0045,마카롱_소다 마카롱,중복 FOOD_CD
D202-086000000-0046,마카롱_솜사탕 마카롱,중복 FOOD_CD
D202-086000000-0047,마카롱_순우유 뚱카롱,중복 FOOD_CD
D202-086000000-0048,마카롱_슈팅요거트 마카롱,중복 FOOD_CD
D202-086000000-0049,마카롱_슈팅캔디 마카롱,중복 FOOD_CD
D202-086000000-0050,마카롱_스트로베리 마카롱,중복 FOOD_CD
D202-086000000-0051,마카롱_스트로베리 치즈 마카롱,중복 FOOD_CD
D202-086000000-0052,마카롱_얼그레이 쇼콜라 마카롱,중복 FOOD_CD
D202-086000000-0053,마카롱_얼그레이 마카롱,중복 FOOD_CD
D202-086000000-0054,마카롱_오마이그린티 마카롱,중복 FOOD_CD
D202-086000000-0055,마카롱_우유치즈 마카롱,중복 FOOD_CD
D202-086000000-0056,마카롱_유니콘 마카롱,중복 FOOD_CD
D202-086000000-0057,마카롱_유니콘프라페 마카롱,중복 FOOD_CD
D202-086000000-0058,마카롱_유자가나슈 마카롱,중복 FOOD_CD
D202-086000000-0059,마카롱_인절미 마카롱,중복 FOOD_CD
D202-086000000-0060,마카롱_천사의눈물(우유) 마카롱,중복 FOOD_CD
D202-086000000-0061,마카롱_초땅샌드 마카롱,중복 FOOD_CD
D202-086000000-0062,마카롱_초코 마카롱,중복 FOOD_CD
D202-086000000-0063,마카롱_초코 마카롱,중복 FOOD_CD
D202-086000000-0064,마카롱_초코떡카롱,중복 FOOD_CD
D202-086000000-0065,마카롱_초코 마카롱,중복 FOOD_CD
D202-086000000-0066,마카롱_초코 마카롱,중복 FOOD_CD
D202-086000000-0067,마카롱_초코악마 마카롱,중복 FOOD_CD
D202-086000000-0068,마카롱_초코 퐁카롱,중복 FOOD_CD
D202-086000000-0069,마카롱_초코프레소 마카롱,중복 FOOD_CD
D202-086000000-0070,마카롱_초콜릿 마카롱,중복 FOOD_CD
D202-086000000-0071,마카롱_치즈 마카롱,중복 FOOD_CD
D202-086000000-0072,마카롱_카라멜 마카롱,중복 FOOD_CD
D202-086000000-0073,마카롱_카라멜솔티드 뚱카롱,중복 FOOD_CD
D202-086000000-0074,마카롱_쿠앤크 마카롱,중복 FOOD_CD
D202-086000000-0075,마카롱_쿠앤크 마카롱,중복 FOOD_CD
D202-086000000-0076,마카롱_쿠쿠촉촉(오레오)가나슈 마카롱,중복 FOOD_CD
D202-086000000-0077,마카롱_쿠쿠촉촉(오레오) 마카롱,중복 FOOD_CD
D202-086000000-0078,마카롱_쿠쿠피그 마카롱,중복 FOOD_CD
D202-086000000-0079,마카롱_쿠크샌드 마카롱,중복 FOOD_CD
D202-086000000-0080,마카롱_쿠키 앤 크림 마카롱,중복 FOOD_CD
D202-086000000-0081,마카롱_쿠키프라페 마카롱,중복 FOOD_CD
D202-086000000-0082,마카롱_크랜베리딸기 마카롱,중복 FOOD_CD
D202-086000000-0083,마카롱_크림치즈티라미수 마카롱,중복 FOOD_CD
D202-086000000-0084,마카롱_타르트에빠진레드벨벳치즈 마카롱,중복 FOOD_CD
D202-086000000-0085,마카롱_패션후르츠 마카롱,중복 FOOD_CD
D202-086000000-0086,마카롱_퐁크러쉬 마카롱,중복 FOOD_CD
D202-086000000-0087,마카롱_프렌치 블루베리 마카롱,중복 FOOD_CD
D202-086000000-0088,마카롱_피스타치오 마카롱,중복 FOOD_CD
D202-086000000-0089,마카롱_피스타치오 마카롱,중복 FOOD_CD
P101-101000100-0448,버팔로윙맛팝콘,중복 FOOD_CD
P101-101000100-0453,소금우유맛팝콘,중복 FOOD_CD
P101-101000100-0541,프리미엄 뻥튀기 맛뻥,중복 FOOD_CD
P101-101000100-0555,대삼 뻥튀기,중복 FOOD_CD
P101-101000100-0722,스위트영 무설탕 뻥튀기,중복 FOOD_CD
P101-101000100-0822,곰돌이모양 카라멜 팝콘,중복 FOOD_CD
P101-101000100-0861,콥스 빅치즈 팝콘,중복 FOOD_CD
P101-101000100-0891,맘모스 강냉이,중복 FOOD_CD
P101-101000100-0931,전통떡볶이맛팝콘,중복 FOOD_CD
P101-101000100-0939,허니호떡맛팝콘,중복 FOOD_CD
P101-101000100-1020,카라멜맛 팝콘,중복 FOOD_CD
P101-101000100-1021,카라멜맛 팝콘(2500g),중복 FOOD_CD
P101-102000100-0237,인절미마카롱,중복 FOOD_CD
P101-102000100-0877,인절미 마카롱,중복 FOOD_CD
P101-102000100-1161,72 마카롱,중복 FOOD_CD
P101-102000100-1251,마카롱(61473),중복 FOOD_CD
P101-103000100-1145,에쉬레우유 랑그드샤,중복 FOOD_CD
P101-103000100-1353,윤스 딸기과즙 포춘쿠키,중복 FOOD_CD
P101-103000100-2402,레몬쿠키(냉동),중복 FOOD_CD
P101-103000100-2706,게리 치즈 크래커,중복 FOOD_CD
P101-103000100-2749,누가 비스킷 오리지널,중복 FOOD_CD
P101-103000100-2754,누가크래커,중복 FOOD_CD
P101-103000100-2771,달콤한 참깨크래커,중복 FOOD_CD
P101-103000100-2822,디어테디 초콜릿향 스윗하트 비스킷 커피향 크림,중복 FOOD_CD
P101-103000100-2823,디어테디 코코넛향 파인애플 잼 비스킷,중복 FOOD_CD
P101-103000100-2824,디어테디 플라워비스킷 코코넛크림,중복 FOOD_CD
P101-103000100-2905,르 몽드 레몬 샌드위치 (68g),중복 FOOD_CD
P101-103000100-2906,르 몽드 체다치즈 샌드위치 (72g),중복 FOOD_CD
P101-103000100-2979,모리나가 문라이트 쿠키,중복 FOOD_CD
P101-103000100-3072,버터 크래커,중복 FOOD_CD
P101-103000100-3073,버터 크래커 (132g),중복 FOOD_CD
P101-103000100-3145,비스킷(13732660),중복 FOOD_CD
P101-103000100-3172,샌드위치 크래커 (초코맛),중복 FOOD_CD
P101-103000100-3199,슈가크래커,중복 FOOD_CD
P101-103000100-3212,스카이플렉스 크레커 (800g),중복 FOOD_CD
P101-103000100-3218,스카이플렉스 크레커샌드위치 초콜릿향,중복 FOOD_CD
P101-103000100-3238,시루코 샌드,중복 FOOD_CD
P101-103000100-3271,야미 초콜릿향 샌드위치 비스킷,중복 FOOD_CD
P101-103000100-3373,임페리얼 데니쉬 스타일 버터향 쿠키,중복 FOOD_CD
P101-103000100-3436,치즈 샌드위치 (112g),중복 FOOD_CD
P101-103000100-3474,커피씬비스킷,중복 FOOD_CD
P101-103000100-3508,코코넛향 파인애플 비스킷,중복 FOOD_CD
P101-103000100-3542,크리스피퍼프 밀크,중복 FOOD_CD
P101-103000100-3595,티타임 어쏘티드 쿠키,중복 FOOD_CD
P101-103000100-3768,노무라 밀레 비스킷,중복 FOOD_CD
P101-103000100-3773,누가 비스킷 커피맛,중복 FOOD_CD
P101-103000100-3824,말리반 하와이안 쿠키,중복 FOOD_CD
P101-103000100-3882,블랙 트러플 크래커,중복 FOOD_CD
P101-103000100-3899,설화(눈꽃) 쫀득쿠키 인절미맛,중복 FOOD_CD
P101-103000100-3900,설화(눈꽃) 쫀득쿠키 초코딸기맛,중복 FOOD_CD
P101-103000100-3933,애플카라멜쿠키 200g / 40574,중복 FOOD_CD
P101-103000100-3970,유기농 가든 크리스프 크래커,중복 FOOD_CD
P101-103000100-3996,제니베이커리 커피쿠키(640g),중복 FOOD_CD
P101-103000100-4009,초코 누가 크래커,중복 FOOD_CD
P101-103000100-4023,치아씨드크래커,중복 FOOD_CD
P101-103000100-4051,컵 버터쿠키,중복 FOOD_CD
P101-103000100-4093,크림처럼 부드러운 크래커,중복 FOOD_CD
P101-103000100-4105,티포 버터 쿠키,중복 FOOD_CD
P101-103000100-4167,화이트캐슬 버터쿠키,중복 FOOD_CD
P101-103000100-4195,그린티 땅콩 랑드샤,중복 FOOD_CD
P101-103000100-4344,초코칩쿠키 제주말차라떼맛,중복 FOOD_CD
P101-103000100-4575,골든 몰키스트 크래커 치즈맛,중복 FOOD_CD
P101-103000100-4576,구카 누가 필링 크래커 (400g),중복 FOOD_CD
P101-103000100-4578,그린어니언 크래커스 [#617025],중복 FOOD_CD
P101-103000100-4580,다네시타 버터쿠키 씬앤크리스피 싱글서브,중복 FOOD_CD
P101-103000100-4587,딸기&블랙커런트 오트쿠키,중복 FOOD_CD
P101-103000100-4594,레몬커드 비스킷,중복 FOOD_CD
P101-103000100-4607,망고크림 크래커 (100g),중복 FOOD_CD
P101-103000100-4609,망고크림 크래커 (800g),중복 FOOD_CD
P101-103000100-4612,미니 샤르망 쿠키,중복 FOOD_CD
P101-103000100-4631,블랙트러플하몽크래커,중복 FOOD_CD
P101-103000100-4634,사르르 골드 버터쿠키,중복 FOOD_CD
P101-103000100-4656,요거트 타르트 쿠키,중복 FOOD_CD
P101-103000100-4665,임페리얼 골드 셀렉션 버터 쿠키,중복 FOOD_CD
P101-103000100-4666,임페리얼 골드 셀렉션 초콜릿맛 쿠키,중복 FOOD_CD
P101-103000100-4680,초콜릿 타르트 쿠키,중복 FOOD_CD
P101-103000100-4682,치즈크림 크래커 (100g),중복 FOOD_CD
P101-103000100-4684,치즈크림 크래커 (800g),중복 FOOD_CD
P101-103000100-4692,커피 크래커,중복 FOOD_CD
P101-103000100-4700,코키치즈크래커 (800g),중복 FOOD_CD
P101-103000100-4701,코키치즈크래커 (80g),중복 FOOD_CD
P101-103000100-4711,크리스피 오트 초코쿠키,중복 FOOD_CD
P101-103000100-4715,키도 딸기향 크래커 90g,중복 FOOD_CD
P101-103000100-4716,키도 레몬 버터향 크래커 90g,중복 FOOD_CD
P101-103000100-4718,키도 크리미 버터향 크래커 90g,중복 FOOD_CD
P101-103000100-4720,파제르 무민 비스킷 (#708532),중복 FOOD_CD
P101-103000100-4723,포테이토 크리스프 바비큐맛(780g),중복 FOOD_CD
P101-103000100-4775,생미쉘 빨레뜨,중복 FOOD_CD
P101-103000100-4790,오트 비스킷(13785011),중복 FOOD_CD
P101-103000100-4797,제니베이커리 4믹스 쿠키(640g)(원형),중복 FOOD_CD
P101-103000100-4798,제니베이커리 8믹스 넛츠 쿠키(460g),중복 FOOD_CD
P101-103000100-4813,치즈버터샌드 - 190 g,중복 FOOD_CD
P101-103000100-4875,라메르풀라르 쁘띠뵈르 145g /40824,중복 FOOD_CD
P101-103000100-4887,로안느 바닐라,중복 FOOD_CD
P101-103000100-4888,로안느 바닐라 113g,중복 FOOD_CD
P101-103000100-4925,브라카 커피 비스킷  (150g),중복 FOOD_CD
P101-103000100-4950,아몬드 누가 타르트,중복 FOOD_CD
P101-103000100-5010,크리스프앤크림바닐라,중복 FOOD_CD
P101-103000100-5011,크리스프앤크림초코,중복 FOOD_CD
P101-103000100-5019,트러플 하몽향 크래커,중복 FOOD_CD
P101-103000100-5038,후르츠 누가 타르트,중복 FOOD_CD
P101-103000100-5182,밀크포테이토샌드,중복 FOOD_CD
P101-103000100-5368,니신 골든 크래커 초콜릿맛,중복 FOOD_CD
P101-103000100-5369,라즈베리향 필링 비스킷(13799631),중복 FOOD_CD
P101-103000100-5371,로투스비스코프 샌드(비스코프크림) 110g,중복 FOOD_CD
P101-103000100-5376,해피무 초콜릿맛 비스킷 (80g),중복 FOOD_CD
P101-104000100-0768,연어칩 어육맛,중복 FOOD_CD
P101-104000100-0865,BBQ스낵,중복 FOOD_CD
P101-104000100-1219,감자칩 오리지날,중복 FOOD_CD
P101-104000100-1221,감자칩 오리지널,중복 FOOD_CD
P101-104000100-1223,감자칩 치즈,중복 FOOD_CD
P101-104000100-1235,골드 고구마칩,중복 FOOD_CD
P101-104000100-1277,라 아부엘라 니에베스 포테이토칩,중복 FOOD_CD
P101-104000100-1286,러플스 오리지날 감자칩 49.6g,중복 FOOD_CD
P101-104000100-1295,레이즈 클래식 감자칩 42.5g,중복 FOOD_CD
P101-104000100-1317,리코스라운드나쵸칩,중복 FOOD_CD
P101-104000100-1339,믹스 프룻칩,중복 FOOD_CD
P101-104000100-1397,사바나나 바나나칩,중복 FOOD_CD
P101-104000100-1436,아미카 엘도라다 포테이토칩,중복 FOOD_CD
P101-104000100-1449,오가마마 바삭바삭 고구마칩,중복 FOOD_CD
P101-104000100-1461,오이시 스낵 밥 응옷,중복 FOOD_CD
P101-104000100-1463,오이시 인도칩,중복 FOOD_CD
P101-104000100-1467,오징어맛칩,중복 FOOD_CD
P101-104000100-1498,자색고구마칩,중복 FOOD_CD
P101-104000100-1505,잭프룻칩,중복 FOOD_CD
P101-104000100-1541,케오스 씨솔트 발사믹비니거 크링클컷 감자칩,중복 FOOD_CD
P101-104000100-1546,케오스 치즈 어니언 감자칩,중복 FOOD_CD
P101-104000100-1553,쿠수카 카사바칩(라사 발라도 스파이시),중복 FOOD_CD
P101-104000100-1585,토스티토스 스쿱 또띨라 칩,중복 FOOD_CD
P101-104000100-1586,토스티토스 오리지날 또띨라 칩,중복 FOOD_CD
P101-104000100-1587,토스티토스 칸티나 트레디셔널 또띨라칩,중복 FOOD_CD
P101-104000100-1588,토스티토스 크리스피라운드 또띨라 칩,중복 FOOD_CD
P101-104000100-1607,포시즌바나나칩,중복 FOOD_CD
P101-104000100-1612,포테이토 메가칩스 머쉬룸 앤 사우어크림,중복 FOOD_CD
P101-104000100-1614,포테이토 메가칩스 사우어크림 앤 치즈,중복 FOOD_CD
P101-104000100-1615,포테이토 메가칩스 오리지널,중복 FOOD_CD
P101-104000100-1617,포테이토 메가칩스 페페로니 피자맛,중복 FOOD_CD
P101-104000100-1656,헌터스 화이트트러플 포테이토칩,중복 FOOD_CD
P101-104000100-1657,헌터스 히말라야 핑크 솔트 포테이토칩,중복 FOOD_CD
P101-104000100-1690,단호박칩,중복 FOOD_CD
P101-104000100-1696,라이스볼스낵,중복 FOOD_CD
P101-104000100-1752,브라운 바나나칩,중복 FOOD_CD
P101-104000100-1762,새싹보리여주황금메밀칩,중복 FOOD_CD
P101-104000100-1772,아미카 알프레도 바비큐소스향 감자칩,중복 FOOD_CD
P101-104000100-1773,아미카 알프레도 트러플 감자칩,중복 FOOD_CD
P101-104000100-1798,옥수수스낵,중복 FOOD_CD
P101-104000100-1806,자색고구마 칩,중복 FOOD_CD
P101-104000100-1817,진짜 구운 황금메밀칩,중복 FOOD_CD
P101-104000100-1836,케오스 블루치즈 감자칩,중복 FOOD_CD
P101-104000100-1870,황금꿀고구마칩,중복 FOOD_CD
P101-104000100-1873,황금호박칩,중복 FOOD_CD
P101-104000100-2055,고구마칩,중복 FOOD_CD
P101-104000100-2058,구운코코넛칩(500g),중복 FOOD_CD
P101-104000100-2067,나쵸칩,중복 FOOD_CD
P101-104000100-2070,달콤바삭 황금고구마칩,중복 FOOD_CD
P101-104000100-2071,데일리크레이브 베기칩스 149g,중복 FOOD_CD
P101-104000100-2072,데일리크레이브 베기칩스 28g,중복 FOOD_CD
P101-104000100-2076,레이즈 씨위드 감자칩 (170g),중복 FOOD_CD
P101-104000100-2082,메밀칩 김맛,중복 FOOD_CD
P101-104000100-2083,메밀칩 어니언맛,중복 FOOD_CD
P101-104000100-2106,아미카 알프레도 오리지널러플 감자칩,중복 FOOD_CD
P101-104000100-2107,아미카 엘도라다 감자칩 멀티팩,중복 FOOD_CD
P101-104000100-2109,애마칩 스틱형,중복 FOOD_CD
P101-104000100-2143,템페 칩스 치즈향,중복 FOOD_CD
P101-104000100-2146,토스티토스 스쿱 또띨라 칩 (283.5g),중복 FOOD_CD
P101-104000100-2150,포테 포테이토 스낵 (48G),중복 FOOD_CD
P101-104000100-2151,포테이토 스낵 파프리카,중복 FOOD_CD
P101-104000100-2180,나쵸 토틸라칩(453G),중복 FOOD_CD
P101-104000100-2187,레이즈 스파이시 마라맛 시즈닝 감자칩 (170g),중복 FOOD_CD
P101-104000100-2196,바삭한 고구마칩,중복 FOOD_CD
P101-104000100-2198,산타마리아 나쵸칩,중복 FOOD_CD
P101-104000100-2221,게메즈 에낙,중복 FOOD_CD
P101-104000100-2235,더맛있는 고구마칩,중복 FOOD_CD
P101-104000100-2242,로카 고다치즈크리스피,중복 FOOD_CD
P101-104000100-2296,콥콥 포테이토 칩 치킨바베큐향,중복 FOOD_CD
P101-104000100-2315,호박고구마칩,중복 FOOD_CD
P101-104000100-2376,연어칩,중복 FOOD_CD
P101-104000100-2449,오늘좋은 감자칩 사워크림 & 어니언향,중복 FOOD_CD
P101-104000100-2450,오늘좋은 감자칩 오리지날,중복 FOOD_CD
P101-105000100-0287,럭셔리 웨이퍼 롤 바닐라향,중복 FOOD_CD
P101-105000100-0288,럭셔리 웨이퍼 롤 초코,중복 FOOD_CD
P101-105000100-0289,럭셔리 웨이퍼 롤 카푸치노향,중복 FOOD_CD
P101-105000100-0329,무기파바닐라향웨하스,중복 FOOD_CD
P101-105000100-0335,미니웨하스 딸기맛,중복 FOOD_CD
P101-105000100-0337,미니웨하스 바닐라맛,중복 FOOD_CD
P101-105000100-0345,바닐라향 웨이퍼롤,중복 FOOD_CD
P101-105000100-0375,초코 웨이퍼롤,중복 FOOD_CD
P101-105000100-0379,치즈 웨이퍼롤,중복 FOOD_CD
P101-105000100-0394,쿠기 딸기맛 와퍼스틱,중복 FOOD_CD
P101-105000100-0519,웨이퍼롤 바닐라향,중복 FOOD_CD
P101-106000100-0284,꼬마오징어땅콩,중복 FOOD_CD
P101-106000100-3399,감태견과바35,중복 FOOD_CD
P101-106000100-3427,꿀까당,중복 FOOD_CD
P101-106000100-3520,미니 두바이st 초콜릿 피스s,중복 FOOD_CD
P101-106000100-3627,오리온 카스타드 딸기생크림,중복 FOOD_CD
P101-106000100-3912,메밀 옹심이,중복 FOOD_CD
P101-106000100-4457,우리밀파래맛과자,중복 FOOD_CD
P101-106000100-4536,500 차카니,중복 FOOD_CD
P101-106000100-4557,간장맛 센베,중복 FOOD_CD
P101-106000100-4597,고마도라꾸,중복 FOOD_CD
P101-106000100-4600,고소한 보리과자,중복 FOOD_CD
P101-106000100-4629,그대로 보리과자,중복 FOOD_CD
P101-106000100-4637,그리시니,중복 FOOD_CD
P101-106000100-4644,글라사떼 페스튜리,중복 FOOD_CD
P101-106000100-4648,김스틱,중복 FOOD_CD
P101-106000100-4686,네스프레소 칸투치니 (sku128002),중복 FOOD_CD
P101-106000100-4769,돈도아게큐슈간장맛,중복 FOOD_CD
P101-106000100-4775,두리안향 크리스피롤,중복 FOOD_CD
P101-106000100-4831,레인코스트 크리스프 블루베리 앤 아몬드,중복 FOOD_CD
P101-106000100-4859,루과,중복 FOOD_CD
P101-106000100-4871,리지스 그라놀라,중복 FOOD_CD
P101-106000100-4931,모찌 모나카,중복 FOOD_CD
P101-106000100-4934,모찌고메모나카,중복 FOOD_CD
P101-106000100-4947,뮤슬리 프루타,중복 FOOD_CD
P101-106000100-4992,믹스 모나카,중복 FOOD_CD
P101-106000100-5011,바베로 엑스트라 버진 올리브오일 브레드스틱,중복 FOOD_CD
P101-106000100-5070,별미 보리 과자,중복 FOOD_CD
P101-106000100-5136,쁘란 버미첼리 과자,중복 FOOD_CD
P101-106000100-5140,사보이아르디,중복 FOOD_CD
P101-106000100-5151,사치마 오리지널,중복 FOOD_CD
P101-106000100-5165,새우 센베,중복 FOOD_CD
P101-106000100-5249,스펀지 크런치 모카치노 플레이버,중복 FOOD_CD
P101-106000100-5288,아마노야 히메마루 쌀과자 간장맛,중복 FOOD_CD
P101-106000100-5297,아주끼 모나카,중복 FOOD_CD
P101-106000100-5369,오리 미소 센베이,중복 FOOD_CD
P101-106000100-5374,오리지널 크리스피롤,중복 FOOD_CD
P101-106000100-5396,오이쉬 피쉬다 피쉬 크로팩,중복 FOOD_CD
P101-106000100-5415,와사비 그린피스,중복 FOOD_CD
P101-106000100-5418,와사비 잠두,중복 FOOD_CD
P101-106000100-5500,자색고구마향 크리스피롤,중복 FOOD_CD
P101-106000100-5516,제왕쌀과자 고소한맛 (270g),중복 FOOD_CD
P101-106000100-5541,참 고구마스틱,중복 FOOD_CD
P101-106000100-5553,참쌀선과(115G),중복 FOOD_CD
P101-106000100-5566,초코 크림,중복 FOOD_CD
P101-106000100-5584,치알다 크로칸테,중복 FOOD_CD
P101-106000100-5602,카린토우 피넛,중복 FOOD_CD
P101-106000100-5607,카수가이 마메믹스,중복 FOOD_CD
P101-106000100-5608,카수가이 와사비 그린마메,중복 FOOD_CD
P101-106000100-5626,카키노타네쌀과자앤피넛츠,중복 FOOD_CD
P101-106000100-5649,코마루피,중복 FOOD_CD
P101-106000100-5657,코케 땅콩과자 (코코넛크림맛),중복 FOOD_CD
P101-106000100-5688,쿠루북 팔엠방 바왕,중복 FOOD_CD
P101-106000100-5768,크리스피롤22,중복 FOOD_CD
P101-106000100-5779,키쿠센도 고마 도라쿠,중복 FOOD_CD
P101-106000100-5780,키쿠센도 락카 도라쿠,중복 FOOD_CD
P101-106000100-5790,타로향 크리스피롤,중복 FOOD_CD
P101-106000100-5796,타이 스위트 과자,중복 FOOD_CD
P101-106000100-5799,타이스위트라이스시리얼,중복 FOOD_CD
P101-106000100-5856,파에테포요틴,중복 FOOD_CD
P101-106000100-5863,판단향 크리스피롤,중복 FOOD_CD
P101-106000100-5884,퍼피드 라이스,중복 FOOD_CD
P101-106000100-5894,포테이토 크리스프 바비큐맛,중복 FOOD_CD
P101-106000100-5895,포테이토 크리스프 사워크림향,중복 FOOD_CD
P101-106000100-5951,프링글스 치즈,중복 FOOD_CD
P101-106000100-5953,프링글스 핫 앤 스파이시,중복 FOOD_CD
P101-106000100-6050,후그 미니 디저트 타트렛,중복 FOOD_CD
P101-106000100-6052,후그 미니 디저트 타트렛 필리그라노 버터 스퀘어 3.3cm,중복 FOOD_CD
P101-106000100-6058,훅스 유기농 콘후레이크,중복 FOOD_CD
P101-106000100-6061,훈와리메이진 콩가루모찌,중복 FOOD_CD
P101-106000100-6073,글로리베이커리 스위트데이,중복 FOOD_CD
P101-106000100-6082,바베큐 플레이버 땅콩과자,중복 FOOD_CD
P101-106000100-6099,에클라오르 - 2.5kg - 14592,중복 FOOD_CD
P101-106000100-6116,타마고 보로,중복 FOOD_CD
P101-106000100-6373,초코헌터스,중복 FOOD_CD
P101-106000100-6415,고구마 켄피 소금맛,중복 FOOD_CD
P101-106000100-6420,구운 카다이프,중복 FOOD_CD
P101-106000100-6422,구운참마깨스틱,중복 FOOD_CD
P101-106000100-6438,데일리크레이브 베기스틱스 149g,중복 FOOD_CD
P101-106000100-6443,딴수웨이사치마,중복 FOOD_CD
P101-106000100-6449,레몬 팔렛(틴) 250g /40450,중복 FOOD_CD
P101-106000100-6464,명가꽈배기 흑당맛,중복 FOOD_CD
P101-106000100-6477,미왕보리과자,중복 FOOD_CD
P101-106000100-6503,보 파니피치오 포카치나 메디터레니언,중복 FOOD_CD
P101-106000100-6504,보 파니피치오 포카치나 블랙 트라플,중복 FOOD_CD
P101-106000100-6505,보 파니피치오 포카치나 올리브 타지아스카,중복 FOOD_CD
P101-106000100-6506,보 파니피치오 포카치나 클래식,중복 FOOD_CD
P101-106000100-6510,블랙마스터 오케이 밀크티 와퍼롤,중복 FOOD_CD
P101-106000100-6521,산타마리아 미니 타코 터브,중복 FOOD_CD
P101-106000100-6545,오늘좋은 밀크쌀과자,중복 FOOD_CD
P101-106000100-6573,이노푸드 유기농 코코넛 클러스터 [#3040445],중복 FOOD_CD
P101-106000100-6578,제왕쌀과자 바삭한맛 (270g),중복 FOOD_CD
P101-106000100-6579,제이앤씨 바나나슬라이스,중복 FOOD_CD
P101-106000100-6586,지 버터스 버터 샌드 말차 (210618),중복 FOOD_CD
P101-106000100-6596,참쌀설병(270G),중복 FOOD_CD
P101-106000100-6604,초코버터샌드 - 95 g,중복 FOOD_CD
P101-106000100-6610,춘강월 마라궈바,중복 FOOD_CD
P101-106000100-6628,쿠루북 우당마스,중복 FOOD_CD
P101-106000100-6648,크리스피 미니와플,중복 FOOD_CD
P101-106000100-6650,크리스피 코코넛 롤 [#199980],중복 FOOD_CD
P101-106000100-6654,킷캣 녹차 12(24x35g)(sku12613997),중복 FOOD_CD
P101-106000100-6681,포카치아 크로칸테,중복 FOOD_CD
P101-106000100-6684,포테이토 피넛샌드,중복 FOOD_CD
P101-106000100-6688,프레타망제 오트 앤 코코넛 크런치,중복 FOOD_CD
P101-106000100-6693,프링글스 사워크림 & 어니언,중복 FOOD_CD
P101-106000100-6704,한입 꿀 꽈배기,중복 FOOD_CD
P101-106000100-6720,흑깨고소,중복 FOOD_CD
P101-106000100-6747,리치 버터 와플 270g,중복 FOOD_CD
P101-106000100-6750,맘모스 쌀말이과자,중복 FOOD_CD
P101-106000100-6756,미니 꿀 꽈배기,중복 FOOD_CD
P101-106000100-6765,밀크클래식 쌀과자 (우유맛),중복 FOOD_CD
P101-106000100-6777,빅라티아오 102g,중복 FOOD_CD
P101-106000100-6815,참쌀누룽지,중복 FOOD_CD
P101-106000100-6818,초코무초 땅콩버터맛,중복 FOOD_CD
P101-106000100-6833,크림퍼프,중복 FOOD_CD
P101-106000100-6838,피믹스,중복 FOOD_CD
P101-106000100-6842,한입 쌀과자,중복 FOOD_CD
P101-106000100-6852,구운 카다이프,중복 FOOD_CD
P101-106000100-6853,구운 카다이프,중복 FOOD_CD
P101-106000100-6873,로카 고다 치즈스틱,중복 FOOD_CD
P101-106000100-6923,오이시 하쿠,중복 FOOD_CD
P101-106000100-6942,차카니 스위트콘향,중복 FOOD_CD
P101-106000100-6956,커렌트 핫 앤 스파이스 스틱,중복 FOOD_CD
P101-106000100-6961,티포,중복 FOOD_CD
P101-106000100-6962,파르미지아노 레지아노 브래드 스틱,중복 FOOD_CD
P101-106000100-6966,프링글스 스윗 어니언,중복 FOOD_CD
P101-106000100-6994,레몬볼,중복 FOOD_CD
P101-106000100-7017,찍먹 오!감자 버터갈릭감자튀김맛,중복 FOOD_CD
P101-106000100-7025,황치즈 쿠라우니 산도,중복 FOOD_CD
P101-106000100-7217,대용량 고구마 켄피,중복 FOOD_CD
P101-106000100-7218,땅콩샌드,중복 FOOD_CD
P101-106000100-7220,라라 누룽지(달콤한맛),중복 FOOD_CD
P101-106000100-7223,바닐라타르트쉘-1.44kg,중복 FOOD_CD
P101-106000100-7229,참쌀설병 (128G),중복 FOOD_CD
P101-106000400-0061,브라우니,중복 FOOD_CD
P101-107000100-0606,제주만석 견과류과즐세트,중복 FOOD_CD
P101-107000100-0607,제주만석보리현미감귤과즐세트,중복 FOOD_CD
P101-107000100-1439,세종약과,중복 FOOD_CD
P101-107000100-1488,오트밀강정(2kg),중복 FOOD_CD
P101-107000100-1493,황금귀리깨강정,중복 FOOD_CD
P101-107000100-1539,옛날강정,중복 FOOD_CD
P101-202000200-0108,달곰한입 레인보우 멜로우즈,중복 FOOD_CD
P101-202000200-0163,멜로 머쉬멜로우 멜로우 트위스트,중복 FOOD_CD
P101-202000200-0236,화이트 마시멜로,중복 FOOD_CD
P101-202000200-0248,과일 먹은 마시멜로,중복 FOOD_CD
P101-202000200-0297,바베큐용 머쉬멜로(90g),중복 FOOD_CD
P101-202000200-0311,멜로 머쉬멜로우 멜로우 트위스트 135g,중복 FOOD_CD
P101-202000200-0320,포도 모찌 모양 멜로우,중복 FOOD_CD
P101-202000200-0330,구워먹는 마시멜로우,중복 FOOD_CD
P101-203000200-0192,대관령우유캔디진,중복 FOOD_CD
P101-203000200-0832,졸지마캔디,중복 FOOD_CD
P101-203000200-0842,종합캔디,중복 FOOD_CD
P101-203000200-1619,목캔디 믹스베리,중복 FOOD_CD
P101-203000200-1621,목캔디 허브민트,중복 FOOD_CD
P101-203000200-1762,내당당과,중복 FOOD_CD
P101-203000200-1852,라즈베리향 락 캔디,중복 FOOD_CD
P101-203000200-1892,로즈봉봉(70g),중복 FOOD_CD
P101-203000200-1978,모리나가 라무네 포도당 캔디 60g,중복 FOOD_CD
P101-203000200-1992,미니 멘토스 레인보우 100입,중복 FOOD_CD
P101-203000200-2013,미조레타마캔디,중복 FOOD_CD
P101-203000200-2016,민트 시럽 캔디,중복 FOOD_CD
P101-203000200-2019,민트봉봉(70g),중복 FOOD_CD
P101-203000200-2079,베이징수탕,중복 FOOD_CD
P101-203000200-2094,보넬레 레몬 진저 젤리 캔디,중복 FOOD_CD
P101-203000200-2146,산타 마리아 노벨라 캔디,중복 FOOD_CD
P101-203000200-2172,소다 레몬 캔디,중복 FOOD_CD
P101-203000200-2173,소다 오렌지 캔디,중복 FOOD_CD
P101-203000200-2180,솜사탕,중복 FOOD_CD
P101-203000200-2197,슈퍼레몬캔디,중복 FOOD_CD
P101-203000200-2201,슈퍼콜라향캔디,중복 FOOD_CD
P101-203000200-2204,스미야키 커피 캔디,중복 FOOD_CD
P101-203000200-2264,씨씨 에스프레소 커피향 캔디,중복 FOOD_CD
P101-203000200-2280,아이알파캔디빈,중복 FOOD_CD
P101-203000200-2309,야미얼스 사우어 레드퍼커 막대사탕,중복 FOOD_CD
P101-203000200-2314,야미얼스 섬머 스매쉬 막대사탕,중복 FOOD_CD
P101-203000200-2323,어쏘티드 리틀팝,중복 FOOD_CD
P101-203000200-2340,엑스오 커피캔디,중복 FOOD_CD
P101-203000200-2357,오렌지향 락 캔디,중복 FOOD_CD
P101-203000200-2468,종합캔디,중복 FOOD_CD
P101-203000200-2469,주사위 캔디,중복 FOOD_CD
P101-203000200-2477,쥬얼리 반지 캔디 딸기향,중복 FOOD_CD
P101-203000200-2478,쥬얼리 반지 캔디 레몬향,중복 FOOD_CD
P101-203000200-2479,쥬얼리 반지 캔디 사과향,중복 FOOD_CD
P101-203000200-2529,카멜레온 캔디,중복 FOOD_CD
P101-203000200-2530,카멜레온캔디,중복 FOOD_CD
P101-203000200-2539,카바야쥬씨컬러볼소다향,중복 FOOD_CD
P101-203000200-2589,코피코 슈가프리 커피맛캔디 75g,중복 FOOD_CD
P101-203000200-2593,콘페이토우,중복 FOOD_CD
P101-203000200-2644,킨노밀크녹차라떼맛캔디,중복 FOOD_CD
P101-203000200-2645,킨노밀크캔디,중복 FOOD_CD
P101-203000200-2647,타마린드 캔디,중복 FOOD_CD
P101-203000200-2662,트레프 트릭시 고 팝 플랫 롤리팝,중복 FOOD_CD
P101-203000200-2709,펄몰 라임민트맛 캔디 (45g),중복 FOOD_CD
P101-203000200-2729,포도향 락 캔디,중복 FOOD_CD
P101-203000200-2734,포지타노레몬맛캔디,중복 FOOD_CD
P101-203000200-2740,폭스 커피월드 캔디,중복 FOOD_CD
P101-203000200-2844,호올스 자몽향 캔디 (27.9G),중복 FOOD_CD
P101-203000200-2849,홋카이도 마차 밀크캔디,중복 FOOD_CD
P101-203000200-2857,후에라무네,중복 FOOD_CD
P101-203000200-2863,후에라무네 포도향캔디,중복 FOOD_CD
P101-203000200-2888,히야슈와 라무네 캔디,중복 FOOD_CD
P101-203000200-2890,히치스 UFOs 우주캔디,중복 FOOD_CD
P101-203000200-2920,노래나오는 캔디 레몬향,중복 FOOD_CD
P101-203000200-2921,노래나오는 캔디 복숭아향,중복 FOOD_CD
P101-203000200-2942,디에토렐레 무설탕 캔디 멘톨 & 유칼립투스,중복 FOOD_CD
P101-203000200-2961,레드팝핑,중복 FOOD_CD
P101-203000200-2965,로사나 레몬 필드 캔디,중복 FOOD_CD
P101-203000200-3021,미츠야사이다향캔디,중복 FOOD_CD
P101-203000200-3025,민트소금사탕,중복 FOOD_CD
P101-203000200-3087,산리오 캐릭터 캔디,중복 FOOD_CD
P101-203000200-3108,슈퍼문별사탕,중복 FOOD_CD
P101-203000200-3135,엠오이칼 와일드체리맛 캔디(무당)(2415),중복 FOOD_CD
P101-203000200-3162,유기농 꿀 생강 캔디,중복 FOOD_CD
P101-203000200-3164,유기농 생강 레몬 캔디,중복 FOOD_CD
P101-203000200-3165,유기농 생강 오렌지 캔디,중복 FOOD_CD
P101-203000200-3170,유에프오 사우어 캔디,중복 FOOD_CD
P101-203000200-3174,익슬캔디,중복 FOOD_CD
P101-203000200-3187,줌 과일맛 막대사탕,중복 FOOD_CD
P101-203000200-3213,코피코 슈가프리 커피맛 캔디,중복 FOOD_CD
P101-203000200-3235,토마토캔디,중복 FOOD_CD
P101-203000200-3239,토쿠노 밀크 시오 캔디,중복 FOOD_CD
P101-203000200-3247,토픽스사우어,중복 FOOD_CD
P101-203000200-3253,토픽스스틱딸기맛,중복 FOOD_CD
P101-203000200-3254,토픽스스틱사과맛,중복 FOOD_CD
P101-203000200-3255,토픽스스틱오렌지맛,중복 FOOD_CD
P101-203000200-3261,파인캔디,중복 FOOD_CD
P101-203000200-3265,펄몰 체리맛 캔디 (45g),중복 FOOD_CD
P101-203000200-3293,플레인팝핑캔디,중복 FOOD_CD
P101-203000200-3309,호올스 라임향 캔디 (27.9G),중복 FOOD_CD
P101-203000200-3311,호올스 멘토 립터스 멘톨향 캔디 (27.9G),중복 FOOD_CD
P101-203000200-3326,후지야 팝 캔디 딸기&망고맛 114g,중복 FOOD_CD
P101-203000200-3328,후카이도 아즈키 캔디,중복 FOOD_CD
P101-203000200-3482,사랑해 롤리팝 캔디,중복 FOOD_CD
P101-203000200-3486,세라 슈가프리 오렌지&레몬 캔디,중복 FOOD_CD
P101-203000200-3502,아폴로(36g),중복 FOOD_CD
P101-203000200-3505,알펜바우어 유기농 와일드베리 캔디,중복 FOOD_CD
P101-203000200-3506,알펜바우어 유기농 진저 라임 오렌지 캔디,중복 FOOD_CD
P101-203000200-3507,알펜바우어 유기농 진저 허브 캔디,중복 FOOD_CD
P101-203000200-3516,오렌지레몬 캔디,중복 FOOD_CD
P101-203000200-3524,웨더스 오리지널 크림 캔디 90g,중복 FOOD_CD
P101-203000200-3592,허쉬너겟쿠키앤크림(28g),중복 FOOD_CD
P101-203000200-3593,허쉬너겟쿠키앤크림(56g),중복 FOOD_CD
P101-203000200-3597,후지야 밀키 캔디 68.4g,중복 FOOD_CD
P101-203000200-3614,믹스 민트향캔디,중복 FOOD_CD
P101-203000200-3641,츄파춥스(120개),중복 FOOD_CD
P101-203000200-3671,나마쿄호캔디,중복 FOOD_CD
P101-203000200-3692,마스코바도사탕,중복 FOOD_CD
P101-203000200-3697,모찌북해도우유맛,중복 FOOD_CD
P101-203000200-3744,야미얼스 구글리 퍼플 막대사탕,중복 FOOD_CD
P101-203000200-3786,킨노 밀크사탕 말차라떼,중복 FOOD_CD
P101-203000200-3794,트롤리 키스 미니스,중복 FOOD_CD
P101-203000200-3814,후지야 밀키 캔디 23g,중복 FOOD_CD
P101-205000200-1169,짱셔요 콜라,중복 FOOD_CD
P101-205000200-1721,루비젤리,중복 FOOD_CD
P101-205000200-2129,박카스맛 젤리 신맛,중복 FOOD_CD
P101-205000200-2267,뉴재미있는 줄넘기 제리(36g),중복 FOOD_CD
P101-205000200-2491,버섯모양 구미젤리,중복 FOOD_CD
P101-205000200-2533,블루 사우어 드라헨 구미,중복 FOOD_CD
P101-205000200-2577,사우어 감자튀김 모양 구미젤리,중복 FOOD_CD
P101-205000200-2580,사우어 레인보우 벨트모양,중복 FOOD_CD
P101-205000200-2615,사우어믹스 스퀘어모양,중복 FOOD_CD
P101-205000200-2807,오미자젤리,중복 FOOD_CD
P101-205000200-2813,오키오 그레이프 구미,중복 FOOD_CD
P101-205000200-2814,오키오 망고 구미,중복 FOOD_CD
P101-205000200-2815,오키오 복숭아 구미,중복 FOOD_CD
P101-205000200-2816,오키오 스트로베리 구미,중복 FOOD_CD
P101-205000200-2824,옥수수젤리,중복 FOOD_CD
P101-205000200-2843,유기농 베어,중복 FOOD_CD
P101-205000200-2862,유피 핫도그모양 빅프랭크,중복 FOOD_CD
P101-205000200-2878,장미모양 구미젤리,중복 FOOD_CD
P101-205000200-2899,젤리 스트로우 요구르트맛,중복 FOOD_CD
P101-205000200-2925,젤리스트로우 리치맛,중복 FOOD_CD
P101-205000200-2927,젤리스트로우 망고맛,중복 FOOD_CD
P101-205000200-2929,젤리스트로우 복숭아맛,중복 FOOD_CD
P101-205000200-2930,젤리스트로우 블루베리맛,중복 FOOD_CD
P101-205000200-2988,쯔부구미 3가지의 포도,중복 FOOD_CD
P101-205000200-2989,쯔부구미 소다향,중복 FOOD_CD
P101-205000200-3005,츄파춥스 사워 바이츠,중복 FOOD_CD
P101-205000200-3058,콜라향보틀 구미젤리,중복 FOOD_CD
P101-205000200-3110,트로피컬 프룻젤리,중복 FOOD_CD
P101-205000200-3120,트롤리 사우어 옥토퍼스,중복 FOOD_CD
P101-205000200-3125,트롤리 애플링스,중복 FOOD_CD
P101-205000200-3135,트롤리플래닛구미,중복 FOOD_CD
P101-205000200-3168,페투치니 소다향 50g,중복 FOOD_CD
P101-205000200-3204,프루츠쥬스 베어 구미젤리,중복 FOOD_CD
P101-205000200-3241,피지 엑조틱 믹스 구미젤리,중복 FOOD_CD
P101-205000200-3262,하리보 골드베렌(12g),중복 FOOD_CD
P101-205000200-3304,하트 위드 센터 필드 구미젤리,중복 FOOD_CD
P101-205000200-3333,화이트 펄,중복 FOOD_CD
P101-205000200-3365,히치스 사우어 수수깡젤리,중복 FOOD_CD
P101-205000200-3368,36 플레이버 믹스 젤리빈,중복 FOOD_CD
P101-205000200-3541,레인보우젤리스트로우-5790g,중복 FOOD_CD
P101-205000200-3624,미니베어구미,중복 FOOD_CD
P101-205000200-3653,버블눈꽃젤리,중복 FOOD_CD
P101-205000200-3689,블록스 프루티 구미,중복 FOOD_CD
P101-205000200-3839,악어 모양 젤리,중복 FOOD_CD
P101-205000200-3905,젤리 어쏘티드-5700g,중복 FOOD_CD
P101-205000200-3916,젤리스트로우 리필팩,중복 FOOD_CD
P101-205000200-3918,젤리스트로우 온리팩,중복 FOOD_CD
P101-205000200-3969,카수가이 믹스 구미,중복 FOOD_CD
P101-205000200-3971,카수가이 피치 구미,중복 FOOD_CD
P101-205000200-3984,캔디 키튼스 디스코 드림스 젤리,중복 FOOD_CD
P101-205000200-4007,큐빅요거트향딸기젤리,중복 FOOD_CD
P101-205000200-4008,큐빅요거트향멜론젤리,중복 FOOD_CD
P101-205000200-4009,큐빅요거트향애플망고젤리,중복 FOOD_CD
P101-205000200-4010,큐빅요거트향포도젤리,중복 FOOD_CD
P101-205000200-4044,트롤리 스파게티니 사우어 딸기맛,중복 FOOD_CD
P101-205000200-4050,트롤리 핑구미,중복 FOOD_CD
P101-205000200-4095,푸르트 모양 젤리,중복 FOOD_CD
P101-205000200-4102,퓨레 구미 마스카트,중복 FOOD_CD
P101-205000200-4106,퓨레 구미 포도,중복 FOOD_CD
P101-205000200-4113,퓨레링 소다,중복 FOOD_CD
P101-205000200-4116,프루팁스 리치맛(140g) (sku12409094),중복 FOOD_CD
P101-205000200-4118,프루팁스 트로피칼믹스(140g) (sku12376934),중복 FOOD_CD
P101-205000200-4119,프루팁스 프루티 하와이언(70g) (SKU12599122),중복 FOOD_CD
P101-205000200-4132,피니 빈모양 젤리,중복 FOOD_CD
P101-205000200-4140,필드 베리 클라우즈 구미젤리,중복 FOOD_CD
P101-205000200-4146,하리보 골드베어 사우어(80g),중복 FOOD_CD
P101-205000200-4148,하리보 메가룰렛,중복 FOOD_CD
P101-205000200-4156,하리보 웜즈(100g),중복 FOOD_CD
P101-205000200-4163,하리보 해피 그레이프(1000G),중복 FOOD_CD
P101-205000200-4363,마로슈 라무네향,중복 FOOD_CD
P101-205000200-4364,마로슈 요거트향 소다향,중복 FOOD_CD
P101-205000200-4365,마로슈 포도향 소다향,중복 FOOD_CD
P101-205000200-4392,블록스 구미 카키트,중복 FOOD_CD
P101-205000200-4410,스키틀즈 사워 펀사이즈 15g 벌크 (10276086),중복 FOOD_CD
P101-205000200-4411,스페쇼우젤리스트로우어쏘티드-5790g,중복 FOOD_CD
P101-205000200-4423,유피 마이워치 구미,중복 FOOD_CD
P101-205000200-4426,제주애플망고젤리/160G,중복 FOOD_CD
P101-205000200-4428,젤리 스트로우-800g,중복 FOOD_CD
P101-205000200-4432,젤리클러스터,중복 FOOD_CD
P101-205000200-4440,쥬시스트로우(5 700g),중복 FOOD_CD
P101-205000200-4453,텀피 코끼리 망고젤리,중복 FOOD_CD
P101-205000200-4455,트롤리 미니버거모양젤리 (5000g),중복 FOOD_CD
P101-205000200-4461,프루팁스 (70g) (sku12376782) (25V1),중복 FOOD_CD
P101-205000200-4471,하리보 믹스 사우어(160G),중복 FOOD_CD
P101-205000200-4545,팝핑로프젤리,중복 FOOD_CD
P101-205000200-4552,하리보 골드베렌 (648g),중복 FOOD_CD
P101-205000200-4575,믹스젤리(115g),중복 FOOD_CD
P101-205000200-4600,쿠위 탑플룻 퍼지 (청포도맛),중복 FOOD_CD
P101-205000200-4629,히치스 수수깡젤리 코리아 에디션,중복 FOOD_CD
P101-205000200-4709,하리보 골드베렌(1000g),중복 FOOD_CD
P101-205000200-4710,하리보 골드베렌(650g),중복 FOOD_CD
P101-205000200-4711,하리보 스타믹스(100g),중복 FOOD_CD
P101-206000200-0200,고구마맛카라멜,중복 FOOD_CD
P101-206000200-0207,니키아메,중복 FOOD_CD
P101-206000200-0218,라카아메,중복 FOOD_CD
P101-206000200-0246,본탄아메,중복 FOOD_CD
P101-206000200-0252,사워 파인애플,중복 FOOD_CD
P101-206000200-0263,시오아메,중복 FOOD_CD
P101-206000200-0311,파인아메,중복 FOOD_CD
P101-206000200-0312,파인애플아메,중복 FOOD_CD
P101-206000200-0329,하이츄 버라이어티,중복 FOOD_CD
P101-206000200-0330,하이츄 복숭아맛,중복 FOOD_CD
P101-206000200-0331,하이츄 사우어 레몬맛,중복 FOOD_CD
P101-206000200-0332,하이츄 사우어 자몽맛,중복 FOOD_CD
P101-206000200-0333,하이츄 사우어 파인애플맛,중복 FOOD_CD
P101-206000200-0337,하카향 아메,중복 FOOD_CD
P101-206000200-0347,홋카이도 밀크카라멜,중복 FOOD_CD
P101-206000200-0418,홋카이도 밀크 카라멜 78g,중복 FOOD_CD
P101-206000200-0424,모리나가 밀크 카라멜 88g,중복 FOOD_CD
P101-206000200-0428,스낵큐 솔트 카라멜,중복 FOOD_CD
P101-206000200-0436,홋카이도 버터 카라멜 125g,중복 FOOD_CD
P101-206000200-0462,세이카 본탄아메,중복 FOOD_CD
P101-206000200-0463,파앤애플아메,중복 FOOD_CD
P101-207000200-1069,브레뉴,중복 FOOD_CD
P101-207000200-1406,프리미엄 초유 1500 츄어블 180g,중복 FOOD_CD
P101-207000200-1411,화이트 콜라겐 펄,중복 FOOD_CD
P101-207000200-1611,메달리스트 에너지젤 커피앤벌꿀,중복 FOOD_CD
P101-207000200-1612,메달리스트 에너지젤 포도앤벌꿀,중복 FOOD_CD
P101-207000200-1624,에너지츄-스트로베리,중복 FOOD_CD
P101-207000200-1626,에너지츄-프룻펀치,중복 FOOD_CD
P101-207000200-1637,콤비타 마누카허니 로젠지-프로폴리스&레몬향(54g),중복 FOOD_CD
P101-207000200-1659,애사비 아르기닌 젤리스틱,중복 FOOD_CD
P101-207000200-1737,세이카 파인애플아메,중복 FOOD_CD
P101-208000200-0070,망고푸딩,중복 FOOD_CD
P101-208000200-0074,트로피칼 푸딩,중복 FOOD_CD
P101-401000400-1027,어쏘티드 2개입(웰스토리 에디션),중복 FOOD_CD
P101-401000400-1300,꽈배기 (요구르트맛),중복 FOOD_CD
P101-401000400-1309,메이지 베이커리 패밀리도넛,중복 FOOD_CD
P101-401000400-1318,미니도넛,중복 FOOD_CD
P101-401000400-1528,생미쉘 초코칩도넛,중복 FOOD_CD
P101-403000400-0287,호두크림치즈바게트,중복 FOOD_CD
P101-403000400-0625,듬뿍 무화과 치아바타,중복 FOOD_CD
P101-403000400-0681,S0695 화이트 하프 바게트,중복 FOOD_CD
P101-403000400-0719,T78568. 스몰 치아바타,중복 FOOD_CD
P101-403000400-0733,플레인 치아바타,중복 FOOD_CD
P101-403000400-0871,후렌치 바게트 빵,중복 FOOD_CD
P101-404000400-1097,플레인 크림치즈 베이글 냉동,중복 FOOD_CD
P101-404000400-1225,K커피베이글,중복 FOOD_CD
P101-405000400-0099,겹겹이밀크롤인,중복 FOOD_CD
P101-405000400-0974,보름달,중복 FOOD_CD
P101-405000400-1787,정통보름달,중복 FOOD_CD
P101-405000400-1929,초코블랑,중복 FOOD_CD
P101-405000400-2943,레몬버터바,중복 FOOD_CD
P101-405000400-3275,슈톨렌A,중복 FOOD_CD
P101-405000400-3730,크림치즈바질페스토브레드,중복 FOOD_CD
P101-405000400-4831,버터갈레트,중복 FOOD_CD
P101-405000400-5202,컬리보이,중복 FOOD_CD
P101-405000400-6149,초코미니슈,중복 FOOD_CD
P101-405000400-7184,4 초콜릿 에끌레어(1706),중복 FOOD_CD
P101-405000400-7236,노면포,중복 FOOD_CD
P101-405000400-7260,도쿄바나나의 연인,중복 FOOD_CD
P101-405000400-7272,떠우샤월병,중복 FOOD_CD
P101-405000400-7337,메이플 피칸(80416H),중복 FOOD_CD
P101-405000400-7349,미니 메이플 피칸 플레이트,중복 FOOD_CD
P101-405000400-7359,미니 시나몬 스윌,중복 FOOD_CD
P101-405000400-7395,밤긴돈,중복 FOOD_CD
P101-405000400-7447,뺑 오 초콜릿,중복 FOOD_CD
P101-405000400-7451,사워도우빵,중복 FOOD_CD
P101-405000400-7455,삼색화권,중복 FOOD_CD
P101-405000400-7457,상하이 충유병,중복 FOOD_CD
P101-405000400-7481,수도,중복 FOOD_CD
P101-405000400-7504,시나몬 스윌,중복 FOOD_CD
P101-405000400-7542,오인월병,중복 FOOD_CD
P101-405000400-7555,유티아오,중복 FOOD_CD
P101-405000400-7598,총화빙,중복 FOOD_CD
P101-405000400-7727,풍맥마화,중복 FOOD_CD
P101-405000400-7768,피타브레드,중복 FOOD_CD
P101-405000400-7786,화권(꽃빵),중복 FOOD_CD
P101-405000400-7821,바움쿠헨,중복 FOOD_CD
P101-405000400-7824,바움쿠헨 메이플맛,중복 FOOD_CD
P101-405000400-7828,바움쿠헨 솔티드 카라멜맛,중복 FOOD_CD
P101-405000400-7872,치즈 바움쿠헨,중복 FOOD_CD
P101-405000400-7910,허니 바움쿠헨,중복 FOOD_CD
P101-405000400-7913,화권(꽃빵),중복 FOOD_CD
P101-405000400-8198,곰돌이 딸기슈,중복 FOOD_CD
P101-405000400-8199,곰돌이 메론슈,중복 FOOD_CD
P101-405000400-8201,곰돌이 초코슈,중복 FOOD_CD
P101-405000400-8281,브리오슈,중복 FOOD_CD
P101-405000400-8415,고소한 통밀 견과빵,중복 FOOD_CD
P101-405000400-8432,땅콩빵,중복 FOOD_CD
P101-405000400-8439,메이플 피칸 플레이트 (639205),중복 FOOD_CD
P101-405000400-8448,바닐라향 카타라나(합성바닐라향 0.26%함유),중복 FOOD_CD
P101-405000400-8471,옛날 계란빵,중복 FOOD_CD
P101-405000400-8483,충샹풍미수좌병-450g,중복 FOOD_CD
P101-405000400-8514,T79655. 미니 어니언 롤,중복 FOOD_CD
P101-405000400-8552,슬라이스브리오슈(4136),중복 FOOD_CD
P101-405000400-8604,포로타,중복 FOOD_CD
P101-405000400-8619,VETLI 수시카빵 미니,중복 FOOD_CD
P101-405000400-8628,대만식 후추빵,중복 FOOD_CD
P101-405000400-8638,로우송빙,중복 FOOD_CD
P101-405000400-8717,파라타_어니언,중복 FOOD_CD
P101-405000400-8734,화권,중복 FOOD_CD
P101-405000400-8772,브리오슈,중복 FOOD_CD
P101-405000400-8891,슬랩 브레드,중복 FOOD_CD
P101-405000400-8913,초코구리볼,중복 FOOD_CD
P101-405000400-8941,티슈 브레드,중복 FOOD_CD
P101-405000400-8947,포카치아,중복 FOOD_CD
P101-405000400-8990,화권,중복 FOOD_CD
P101-406000400-0290,잉글리쉬 스콘,중복 FOOD_CD
P101-407000400-1015,레이어드 식빵,중복 FOOD_CD
P101-407000400-1018,쫄깃한 퀴노아 식빵,중복 FOOD_CD
P101-407000400-1104,18겹 밀푀유 식빵 (80g),중복 FOOD_CD
P101-408000400-0721,나가사키 카스텔라,중복 FOOD_CD
P101-408000400-0725,말차 카스텔라,중복 FOOD_CD
P101-408000400-0729,반숙 카스테라,중복 FOOD_CD
P101-408000400-0732,촉촉 카스테라 (300g),중복 FOOD_CD
P101-408000400-0735,카스텔라 왕자,중복 FOOD_CD
P101-408000400-0749,바나나밀크카스테라,중복 FOOD_CD
P101-408000400-0764,훈와리밀크카스테라,중복 FOOD_CD
P101-408000400-0879,소프트카스테라,중복 FOOD_CD
P101-408000400-0915,허니버터 카스테라- 90g,중복 FOOD_CD
P101-408000400-0959,찰보리 저당 카스테라,중복 FOOD_CD
P101-408000400-0962,초코 카스테라,중복 FOOD_CD
P101-408000400-0990,땅콩카스테라,중복 FOOD_CD
P101-408000400-1007,쑥카스테라,중복 FOOD_CD
P101-408000400-1010,옥수수카스테라,중복 FOOD_CD
P101-409000400-0184,더블치즈스트로베리,중복 FOOD_CD
P101-409000400-0934,초코파운드케익,중복 FOOD_CD
P101-409000400-0970,치즈가 부드러운 시간,중복 FOOD_CD
P101-409000400-1974,해피 별이빛나는밤에,중복 FOOD_CD
P101-409000400-2369,연세우유 초코우유롤케익,중복 FOOD_CD
P101-409000400-2815,블라썸쌀케이크,중복 FOOD_CD
P101-409000400-3103,티라미수가또쇼콜라,중복 FOOD_CD
P101-409000400-3215,가토쇼콜라,중복 FOOD_CD
P101-409000400-3789,파리)초코가 달콤한 시간,중복 FOOD_CD
P101-409000400-4408,돌아온고오스초코케익,중복 FOOD_CD
P101-409000400-4723,우리밀 오월의 케익,중복 FOOD_CD
P101-409000400-4930,(가또)가나슈 딸기초코 케이크,중복 FOOD_CD
P101-409000400-4963,[치즈]가 부드러운 시간,중복 FOOD_CD
P101-409000400-5236,신데렐라_마법의 성,중복 FOOD_CD
P101-409000400-5253,연세우유 생크림우유롤케익,중복 FOOD_CD
P101-409000400-5415,한라봉 롤케이크 조각,중복 FOOD_CD
P101-409000400-5510,미니 초코칩 케익,중복 FOOD_CD
P101-409000400-5551,블루베리 엔 라즈베리 치즈케이크(3288603),중복 FOOD_CD
P101-409000400-5555,쁘띠치즈케익,중복 FOOD_CD
P101-409000400-5599,유로 케이크 판단향,중복 FOOD_CD
P101-409000400-5605,초콜릿 바움쿠헨,중복 FOOD_CD
P101-409000400-5672,필라델피아 치즈케익 큐브,중복 FOOD_CD
P101-409000400-5702,마루나카 초코칩 케이크,중복 FOOD_CD
P101-409000400-5703,마루나카 치즈 케이크,중복 FOOD_CD
P101-409000400-5704,마루킨 바움 까망베르 치즈 케이크,중복 FOOD_CD
P101-409000400-5705,마루킨 바움 벨기안 초콜릿맛 케이크,중복 FOOD_CD
P101-409000400-5706,마루킨 바움 아츠기리 말차 케이크,중복 FOOD_CD
P101-409000400-5707,말렌카 코코아맛 허니케이크(100G),중복 FOOD_CD
P101-409000400-5710,말렌카 호두맛 허니케이크 (100G),중복 FOOD_CD
P101-409000400-5734,부드러운 우유케이크,중복 FOOD_CD
P101-409000400-5750,우유케이크,중복 FOOD_CD
P101-409000400-5763,크리미밀크케이크,중복 FOOD_CD
P101-409000400-5773,파운드 케이크,중복 FOOD_CD
P101-409000400-5895,딸기케이크 4호,중복 FOOD_CD
P101-409000400-6175,[초코]가 달콤한 시간,중복 FOOD_CD
P101-409000400-6374,초코가 달콤한 시간,중복 FOOD_CD
P101-409000400-6440,미니 우유 롤케이크,중복 FOOD_CD
P101-409000400-6445,시아와세도 우유케이크,중복 FOOD_CD
P101-409000400-6447,아츠기리 말차바움,중복 FOOD_CD
P101-409000400-6448,아츠기리 커트바움,중복 FOOD_CD
P101-409000400-6524,요거트케익,중복 FOOD_CD
P101-409000400-6615,시그니처 치즈케이크,중복 FOOD_CD
P101-409000400-6794,당근 케이크,중복 FOOD_CD
P101-409000400-6800,더티 초코케이크,중복 FOOD_CD
P101-409000400-6826,로투스 치즈 케이크,중복 FOOD_CD
P101-409000400-6847,미니망고무스,중복 FOOD_CD
P101-409000400-6874,사각고구마크런치케익,중복 FOOD_CD
P101-409000400-7111,우리밀제주감귤초코케익,중복 FOOD_CD
P101-409000400-7134,촉촉 스팀케이크 커스터드,중복 FOOD_CD
P101-410000100-0107,바클라바 믹스 넛,중복 FOOD_CD
P101-410000100-0108,바클라바 피스타치오,중복 FOOD_CD
P101-410000400-0129,크로와상,중복 FOOD_CD
P101-410000400-0572,퀸아망,중복 FOOD_CD
P101-410000400-0929,애플 크라운 (639203),중복 FOOD_CD
P101-410000400-0956,크로아상 스트레이트 70g,중복 FOOD_CD
P101-410000400-0987,T78622 버터 크로아상 스트레이트,중복 FOOD_CD
P101-410000400-1117,에이오피 이즈니 버터 크로아상 (25965),중복 FOOD_CD
P101-410000400-1153,미니 라즈베리 크라운 (639221),중복 FOOD_CD
P101-410000400-1159,고창고구마데니쉬,중복 FOOD_CD
P101-411000400-0113,단호박고로케,중복 FOOD_CD
P101-411000400-0123,쉐프원 포테이토 고로케,중복 FOOD_CD
P101-411000400-0128,옛날고로케,중복 FOOD_CD
P101-411000400-0131,옥수수고로케,중복 FOOD_CD
P101-411000400-0189,고구마고로케,중복 FOOD_CD
P101-412000100-0064,하트 파이,중복 FOOD_CD
P101-412000400-0249,블루베리타르트,중복 FOOD_CD
P101-413000400-0426,타마고만쥬,중복 FOOD_CD
P101-413000400-0447,쿠리만주,중복 FOOD_CD
P101-415000400-0022,고르곤졸라메트로피자,중복 FOOD_CD
P101-415000400-0350,페퍼로니 메트로피자,중복 FOOD_CD
P101-415000400-0774,REAL PRICE 1+1 2판피자 더블치즈맛,중복 FOOD_CD
P101-415000400-0775,REAL PRICE 리얼피자 더블치즈맛,중복 FOOD_CD
P101-415000400-0809,플렛브래드 콤비네이션 피자,중복 FOOD_CD
P101-415000400-0978,리스토란테 마르게리타 피자,중복 FOOD_CD
P101-415000400-0981,리스토란테 콰트로 포르마지 피자,중복 FOOD_CD
P101-415000400-1131,리스토란테 모짜렐라 피자,중복 FOOD_CD
P101-415000400-1166,리스토란테 모짜렐라 피자,중복 FOOD_CD
P101-415000400-1169,이탈피자 마르게리타 피자 [#1896287],중복 FOOD_CD
P101-415000400-1200,치즈크러스트피자 페퍼로니디럭스,중복 FOOD_CD
P101-418000400-0337,야채 모양 친구들 찐빵,중복 FOOD_CD
P101-419000400-0066,오곡브레드,중복 FOOD_CD
P101-419000400-0363,파라타_통밀,중복 FOOD_CD
P101-421000400-0083,미션 밀또띠아,중복 FOOD_CD
P101-421000400-0127,소프트 플라워 또띠아,중복 FOOD_CD
P101-421000400-0139,통밀 또띠야(20cm),중복 FOOD_CD
P101-421000400-0154,밀 또띠야(15cm),중복 FOOD_CD
P101-421000400-0155,옥수수&밀또띠야(12cm),중복 FOOD_CD
P101-421000400-0156,옥수수&밀또띠야(20cm),중복 FOOD_CD
P101-421000400-0158,또띠아 5인치,중복 FOOD_CD
P101-421000400-0162,밀가루또띠아(10인치),중복 FOOD_CD
P101-421000400-0163,밀가루또띠아(12인치),중복 FOOD_CD
P101-422000400-0371,초코 마들렌,중복 FOOD_CD
P101-422000400-0405,클래식 마들렌 (550g),중복 FOOD_CD
P101-422000400-0413,마들렌,중복 FOOD_CD
P101-423000400-0247,단팥 앙꼬 모닝빵,중복 FOOD_CD
P101-424000100-0044,플레인휘낭시에 생지,중복 FOOD_CD
P101-424000400-0966,직접구워먹는 우리버터휘낭시에 반죽,중복 FOOD_CD
P101-424000400-1422,베이첼 생지,중복 FOOD_CD
P101-424000400-1535,트레디셔널 초콜릿칩 쿠키 생지(6.06KG),중복 FOOD_CD
P101-424000400-1556,씬크러스트 피자 베이스 G (8인치),중복 FOOD_CD
P101-424000400-1565,플레인반죽(냉동),중복 FOOD_CD
P101-425000100-0016,초코 브라우니,중복 FOOD_CD
P101-425000400-0143,브라우니,중복 FOOD_CD
P101-425000400-0148,자케 미니 브라우니 150g,중복 FOOD_CD
P101-427000400-0060,옥수수소보루,중복 FOOD_CD
P101-427000400-0280,단팥맘모스,중복 FOOD_CD
P101-427000400-0288,완두맘모스,중복 FOOD_CD
P101-429000400-0044,벨지안 와플,중복 FOOD_CD
P101-430000400-0606,티포 미니롤케익 밀크맛,중복 FOOD_CD
P101-430000400-0609,도쿄브레드 홋카이도 크림빵,중복 FOOD_CD
P101-430000400-0613,카스타드크림빵,중복 FOOD_CD
P101-430000400-0739,꽈배기공방(곡물크림),중복 FOOD_CD
P101-431000400-0210,저당 스파이시치킨 후무스 포켓 피타 샌드위치,중복 FOOD_CD
P101-431000400-0211,저당 잠봉 머쉬룸 버터 사워도우 슬랩 샌드위치,중복 FOOD_CD
P101-431000400-0212,치킨 바비큐 멜트 호밀통밀 슬랩 샌드위치,중복 FOOD_CD
P101-431000400-0213,치킨 바질 올리브 사워도우 슬랩 샌드위치,중복 FOOD_CD
P101-431000400-0214,트리플 치즈 숙성로인 슬랩 샌드위치,중복 FOOD_CD
P101-432000400-0243,오리지날 크레페(573803),중복 FOOD_CD
P101-432000400-0252,좁쌀전병,중복 FOOD_CD
P101-432000400-0265,팬케이크 도라야키,중복 FOOD_CD
P101-432000400-0303,텐케이 도라야끼,중복 FOOD_CD
P101-432000400-0381,두가지맛 도라야끼,중복 FOOD_CD
P101-433000400-0233,냉동타코야끼,중복 FOOD_CD
P101-433000400-0252,타코야끼,중복 FOOD_CD
P101-433000400-0254,타코야끼,중복 FOOD_CD
P101-433000400-0267,홋카이도치즈만쥬,중복 FOOD_CD
P101-433000400-0295,제주 우도 땅콩빵,중복 FOOD_CD
P101-433000400-0331,리얼 통팥 땅콩빵,중복 FOOD_CD
P101-433000400-0339,프리미엄 타코야끼,중복 FOOD_CD
P101-435000400-0478,피낭시에,중복 FOOD_CD
P101-501000500-0018,곶감호박떡,중복 FOOD_CD
P101-501000500-0050,단호박인절미,중복 FOOD_CD
P101-501000500-0051,단호박찹쌀떡,중복 FOOD_CD
P101-501000500-0189,설기네고구마떡볶이,중복 FOOD_CD
P101-501000500-0247,앙큼케익,중복 FOOD_CD
P101-501000500-0271,옥수수방울기정떡,중복 FOOD_CD
P101-501000500-1105,쫀득한 떡국떡,중복 FOOD_CD
P101-501000500-3075,아임뽀끼 치즈,중복 FOOD_CD
P101-501000500-3339,말차 모찌,중복 FOOD_CD
P101-501000500-3355,샤인머스캣 모찌,중복 FOOD_CD
P101-501000500-3364,유자가오,중복 FOOD_CD
P101-501000500-3480,떡국 떡,중복 FOOD_CD
P101-501000500-4001,모시송편 대(大)(냉동),중복 FOOD_CD
P101-501000500-4002,모시송편 소(小)(냉동),중복 FOOD_CD
P101-501000500-4028,복분자송편 (깨) (냉동),중복 FOOD_CD
P101-501000500-4054,쑥송편 (깨) (냉동),중복 FOOD_CD
P101-501000500-4055,쑥송편 (동부) (냉동),중복 FOOD_CD
P101-501000500-4083,왕송편(쑥),중복 FOOD_CD
P101-501000500-4121,콩모시송편 대(大) (냉동),중복 FOOD_CD
P101-501000500-4122,콩송편,중복 FOOD_CD
P101-501000500-4131,핫이슈 오색송편,중복 FOOD_CD
P101-501000500-4135,호박송편 (깨) (냉동),중복 FOOD_CD
P101-501000500-4136,호박송편 (동부) (냉동),중복 FOOD_CD
P101-501000500-4144,흑미송편 (깨) (냉동),중복 FOOD_CD
P101-501000500-4145,흑미송편 (동부) (냉동),중복 FOOD_CD
P101-501000500-4149,흰송편 (깨) (냉동),중복 FOOD_CD
P101-501000500-4151,흰송편(동부)(냉동),중복 FOOD_CD
P101-501000500-4184,녹두 모시송편,중복 FOOD_CD
P101-501000500-4213,모시개떡(냉),중복 FOOD_CD
P101-501000500-4216,모시송편(깨)(냉동),중복 FOOD_CD
P101-501000500-4225,반달 모시송편(깨),중복 FOOD_CD
P101-501000500-4226,반달 모시송편(동부),중복 FOOD_CD
P101-501000500-4227,반달 호박송편(깨),중복 FOOD_CD
P101-501000500-4228,반달 흰송편(깨),중복 FOOD_CD
P101-501000500-4229,반달 흰송편(동부),중복 FOOD_CD
P101-501000500-4254,쑥개떡(냉),중복 FOOD_CD
P101-501000500-4274,오모치노 히토토키 초코 모찌,중복 FOOD_CD
P101-501000500-4277,왕송편(흰),중복 FOOD_CD
P101-501000500-4283,우키요에 매실향&밤 모찌,중복 FOOD_CD
P101-501000500-4321,핫이슈 모시송편,중복 FOOD_CD
P101-501000500-4322,핫이슈 사색송편(흰깨 호깨 흑동 쑥동),중복 FOOD_CD
P101-501000500-4323,핫이슈 송편(흰깨),중복 FOOD_CD
P101-501000500-4324,핫이슈 이색송편(흑동 쑥동),중복 FOOD_CD
P101-501000500-4325,핫이슈 이색송편(흰깨 호깨),중복 FOOD_CD
P101-501000500-4344,흑임자 모시송편,중복 FOOD_CD
P101-501000500-4872,두바이초코찹쌀떡,중복 FOOD_CD
P101-501000500-4877,딸기요거트소보로찹쌀떡,중복 FOOD_CD
P101-501000500-4878,딸기젤리크림모찌,중복 FOOD_CD
P101-501000500-5077,포떡이,중복 FOOD_CD
P102-101010100-0128,누가바,중복 FOOD_CD
P102-101010100-1250,피오르 디 라떼,중복 FOOD_CD
P102-101010100-1427,하겐다즈 딸기 초콜릿 스윗 케이크,중복 FOOD_CD
P102-101010100-1690,그린티 아이스크림,중복 FOOD_CD
P102-101010100-1699,스트로베리&크림 아이스크림바,중복 FOOD_CD
P102-101010100-1757,민트초코 봉봉,중복 FOOD_CD
P102-101010100-1774,쿠키앤크림 아이스크림,중복 FOOD_CD
P102-101010100-1775,쿠키앤크림 아이스크림,중복 FOOD_CD
P102-101010100-1867,쿠키앤크림 아이스크림(9.46L),중복 FOOD_CD
P102-101010500-0073,슈크림 붕어싸만코,중복 FOOD_CD
P102-103010300-0152,메로나 바나나,중복 FOOD_CD
P102-103010300-0733,메로나,중복 FOOD_CD
P102-103010300-0950,메로나,중복 FOOD_CD
P102-103010300-0952,메로나,중복 FOOD_CD
P102-103010300-0971,시모나 크런치킹,중복 FOOD_CD
P102-103010300-1263,퍼플 아이스,중복 FOOD_CD
P102-104010400-0403,찰떡망고빙수雪,중복 FOOD_CD
P102-104010400-0404,찰떡우유빙수雪,중복 FOOD_CD
P102-301030000-0154,파워캡 레드피치,중복 FOOD_CD
P102-301030000-0462,제주한라봉,중복 FOOD_CD
P102-301030000-0733,라우빙꾼,중복 FOOD_CD
P102-301030000-0743,망고 소르베,중복 FOOD_CD
P102-301030000-0771,코코넛 아이스,중복 FOOD_CD
P102-301030000-0806,두리안왕쉐고,중복 FOOD_CD
P102-301030000-0845,컵수박아이스,중복 FOOD_CD
P102-301030000-0847,컵파인애플아이스,중복 FOOD_CD
P102-301030000-0862,파인애플 아이스,중복 FOOD_CD
P102-301030000-0875,파인애플아이스,중복 FOOD_CD
P102-301030000-0876,파인퐁당,중복 FOOD_CD
P102-301030000-1004,따옴바 배,중복 FOOD_CD
P102-301030000-1023,오크베리 아사이 소르벳,중복 FOOD_CD
P102-301030000-1026,파인애플 아이스,중복 FOOD_CD
P103-101020100-0584,미랑시에(봉봉초콜릿),중복 FOOD_CD
P103-101020100-0722,다크 초콜릿,중복 FOOD_CD
P103-101020100-0732,다크 초콜릿 슈프림 카카오 트레이스,중복 FOOD_CD
P103-101020100-0738,다크 커버춰 초콜릿,중복 FOOD_CD
P103-101020100-0755,다크초콜릿칩,중복 FOOD_CD
P103-101020100-0802,린도볼 엑스트라다크,중복 FOOD_CD
P103-101020100-0948,오늘좋은 초콜릿 다크,중복 FOOD_CD
P103-101020100-0989,초코칩다크 309,중복 FOOD_CD
P103-101020100-1070,파레 골드 비터 가나쉬 마다가스카,중복 FOOD_CD
P103-101020100-1116,휘태커스 미니슬랩 아몬드 앤 크랜베리 초콜릿,중복 FOOD_CD
P103-101020100-1117,휘태커스 미니슬랩 페퍼민트 다크초콜릿,중복 FOOD_CD
P103-101020100-1173,도블라 트러플쉘 다크,중복 FOOD_CD
P103-101020100-1192,메이지 블랙 초콜릿 41g,중복 FOOD_CD
P103-101020100-1232,블랑사르트 유기농 다크 100% 초콜릿,중복 FOOD_CD
P103-101020100-1263,엑스트라다크블랜드 90%  (117095),중복 FOOD_CD
P103-101020100-1318,트로필리아 누아 - 8515,중복 FOOD_CD
P103-101020100-1354,가나슈 까라이브 - 33626,중복 FOOD_CD
P103-101020100-1370,루이 다크,중복 FOOD_CD
P103-101020100-1379,만자리 64% -3kg - 4655,중복 FOOD_CD
P103-101020100-1387,블랑사르트 유기농 다크 82% 초콜릿,중복 FOOD_CD
P103-101020100-1390,블랑사르트 유기농 다크 99% 초콜릿,중복 FOOD_CD
P103-101020100-1405,유기농 벤자미시모 다크 80% 초콜릿,중복 FOOD_CD
P103-101020100-1406,유기농 벤자미시모 다크 90% 초콜릿,중복 FOOD_CD
P103-101020100-1413,칼레 초콜릿 다크 70-30-38-E4-U71,중복 FOOD_CD
P103-101020100-1414,커버쳐 에콰도르 60%  1/2볼,중복 FOOD_CD
P103-101020100-1415,코프레 봉보니에르,중복 FOOD_CD
P103-101020100-1423,타블레트 쇼콜라 누아르,중복 FOOD_CD
P103-101020100-1424,타블레트 쇼콜라 오 레,중복 FOOD_CD
P103-101020100-1428,프랄린 르 누아 (10109084),중복 FOOD_CD
P103-101020100-1432,프리쉬쇼기 아몬드 다크 (10109182),중복 FOOD_CD
P103-101020100-1433,프리쉬쇼기 오렌지 아몬드 다크 (10109186),중복 FOOD_CD
P103-101020100-1452,싱글 오리진 셀렉션 12피스 (10109320),중복 FOOD_CD
P103-101020100-1464,과나하 70% - 3kg - 4653,중복 FOOD_CD
P103-101020100-1479,블랑사르트 유기농 다크 85% 초콜릿,중복 FOOD_CD
P103-101020100-1500,프리쉬쇼기 두바이스타일 다크 (10109611),중복 FOOD_CD
P103-101020100-1502,프리쉬쇼기 피스타치오 다크 (10109615),중복 FOOD_CD
P103-101020100-1503,프리쉬쇼기 헤이즐넛 다크 (10109612),중복 FOOD_CD
P103-101020100-1581,아비나오 - 5614,중복 FOOD_CD
P103-101020100-1583,타블렛 그랑 크뤼 마다가스카르 64% 싱글 오리진 (10109440),중복 FOOD_CD
P103-101020100-1584,타블렛 그랑 크뤼 에콰도르 70% 싱글 오리진 (10109441),중복 FOOD_CD
P103-101020100-1585,타블렛 그랑 크뤼 트리니다드 80% 싱글 오리진 (10109442),중복 FOOD_CD
P103-101020200-0404,길리안 시쉘(65g),중복 FOOD_CD
P103-101020200-0488,밀카 버블리,중복 FOOD_CD
P103-101020200-0489,밀카 알프스 밀크,중복 FOOD_CD
P103-101020200-0499,밀크 초콜릿,중복 FOOD_CD
P103-101020200-0559,비바니 유기농 밀크초콜릿,중복 FOOD_CD
P103-101020200-0750,휘태커스 넬슨 페어 앤 마누카꿀 밀크초콜릿,중복 FOOD_CD
P103-101020200-0752,휘태커스 미니슬랩 아몬드 밀크초콜릿,중복 FOOD_CD
P103-101020200-0799,메이지 밀크 초콜릿 41g,중복 FOOD_CD
P103-101020200-0806,밀크 씨 솔트 카라멜 트러플 초콜릿,중복 FOOD_CD
P103-101020200-0829,부샤드 카라멜&씨솔트 밀크초콜릿 132g,중복 FOOD_CD
P103-101020200-0849,스노우 생초코레트 오리지널,중복 FOOD_CD
P103-101020200-0902,토블론 스위스 밀크 초콜릿(35G),중복 FOOD_CD
P103-101020200-0903,튜더 초콜릿,중복 FOOD_CD
P103-101020200-0908,트로필리아 라떼 - 8516,중복 FOOD_CD
P103-101020200-0909,파레 브론드,중복 FOOD_CD
P103-101020200-0954,루이 밀크,중복 FOOD_CD
P103-101020200-0957,린도볼 밀크 137g,중복 FOOD_CD
P103-101020200-0987,코프레 트루아 미니 말,중복 FOOD_CD
P103-101020200-0990,코프레 트루아 티루와르,중복 FOOD_CD
P103-101020200-0992,타블레트 농 콩셰 쇼콜라 레,중복 FOOD_CD
P103-101020200-1005,허쉬 밀크초콜릿(165g),중복 FOOD_CD
P103-101020200-1006,허쉬 크리미 밀크 초콜릿(90g),중복 FOOD_CD
P103-101020200-1008,허쉬너겟크리미밀크초콜릿(28g),중복 FOOD_CD
P103-101020200-1009,허쉬너겟크리미밀크초콜릿(56g),중복 FOOD_CD
P103-101020200-1041,에르메 레 - 19771,중복 FOOD_CD
P103-101020200-1044,지바라 라떼 40% - 4658,중복 FOOD_CD
P103-101020200-1046,초콜릿 스낵 밀크 (10109402),중복 FOOD_CD
P103-101020200-1047,캐러셀,중복 FOOD_CD
P103-101020200-1049,타블렛 밀크 (10109437),중복 FOOD_CD
P103-101020200-1098,네스프레소 밀크 초콜릿 스퀘어 (sku127704),중복 FOOD_CD
P103-101020200-1105,코프레 3 푸생,중복 FOOD_CD
P103-101020200-1106,코프레 6 미니 삭 외프,중복 FOOD_CD
P103-101020200-1111,프랄린 모카틴 (10109079),중복 FOOD_CD
P103-101020200-1113,프리쉬쇼기 미니 밀크 클래식 (10110478),중복 FOOD_CD
P103-101020200-1114,프리쉬쇼기 미니 솔트 카라멜  (10110471),중복 FOOD_CD
P103-101020200-1115,프리쉬쇼기 카라멜 살레 밀크-다크 (10109157),중복 FOOD_CD
P103-101020200-1116,프리쉬쇼기 헤이즐넛 밀크 (10109199),중복 FOOD_CD
P103-101020300-0159,디아블로 삼각형 초콜릿,중복 FOOD_CD
P103-101020300-0202,제피르 캐러멜맛 초콜릿,중복 FOOD_CD
P103-101020300-0218,칼리바우트 화이트초콜릿 W2,중복 FOOD_CD
P103-101020300-0252,화이트초콜릿 블랑사탱(피스톨),중복 FOOD_CD
P103-101020300-0255,화이트초콜릿 제피르,중복 FOOD_CD
P103-101020300-0265,도블라 트러플쉘 화이트,중복 FOOD_CD
P103-101020300-0276,비바니 유기농 화이트 바닐라 초콜릿,중복 FOOD_CD
P103-101020300-0281,오리진스 화이트 파푸아뉴기니 카카오 트레이스,중복 FOOD_CD
P103-101020300-0309,화이트초콜릿칩 쇼크웨이스 33%,중복 FOOD_CD
P103-101020300-0347,프리쉬쇼기 라즈베리/블랙베리 화이트 (10109185),중복 FOOD_CD
P103-101020300-0348,프리쉬쇼기 미니 라즈베리 블랙베리 (10110475),중복 FOOD_CD
P103-101020300-0349,프리쉬쇼기 믹스 프루트 화이트 (10109184),중복 FOOD_CD
P103-101020300-0351,화이트 셀렉션 카카오 트레이스 (1kg),중복 FOOD_CD
P103-101020400-0295,화이트엔젤큐티,중복 FOOD_CD
P103-101020400-0470,아몬드초코,중복 FOOD_CD
P103-101020400-0498,굿굿 초코헤이즐,중복 FOOD_CD
P103-101020400-0514,누텔라앤고 52g,중복 FOOD_CD
P103-101020400-0591,미노 오리지날 (스틱),중복 FOOD_CD
P103-101020400-0634,빠떼아글라세 브룬(코팅다크),중복 FOOD_CD
P103-101020400-0793,펠르 피스타치 화이트,중복 FOOD_CD
P103-101020400-0808,프랄린 헤이즐넛,중복 FOOD_CD
P103-101020400-0882,르본 다크 컴파운드 초콜릿,중복 FOOD_CD
P103-101020400-0932,인스피레이션 딸기 - 1123231,중복 FOOD_CD
P103-101020400-0933,인스피레이션 라즈베리 - 1123234,중복 FOOD_CD
P103-101020400-0946,카카오 초코셀,중복 FOOD_CD
P103-101020400-0959,크리스토필 화이트,중복 FOOD_CD
P103-101020400-1014,603238 밀크 초콜릿 호일 볼,중복 FOOD_CD
P103-101020400-1015,가나슈 까시스 - 33406,중복 FOOD_CD
P103-101020400-1033,마야니 잔두야 초콜릿-(2817-8000),중복 FOOD_CD
P103-101020400-1057,코프레 봉봉 프랄리네,중복 FOOD_CD
P103-101020400-1058,코프레 시냐튀르,중복 FOOD_CD
P103-101020400-1068,타블레트 가르니 프랄리네 파트 아 타르티네 크루스티옹뜨,중복 FOOD_CD
P103-101020400-1095,마야니 리몬첼로 레몬초콜릿-(1803-8021),중복 FOOD_CD
P103-101020400-1098,미니 프랄린 25피스 (10109208),중복 FOOD_CD
P103-101020400-1099,미니 프랄린 9피스 (10109206),중복 FOOD_CD
P103-101020400-1103,인스피레이션 말차 - 45614,중복 FOOD_CD
P103-101020400-1112,프랄린 셀렉션 8피스 (10109319),중복 FOOD_CD
P103-101020400-1113,프리쉬쇼기 마카다미아 밀크 (10109155),중복 FOOD_CD
P103-101020400-1114,프리쉬쇼기 스틱 셀렉션 박스 (10109589),중복 FOOD_CD
P103-101020400-1115,프리쉬쇼기 틴 (10109318),중복 FOOD_CD
P103-101020400-1152,커피 스트라치아텔라,중복 FOOD_CD
P103-101020400-1158,프랄린 셀렉션 11피스 하트박스 (10109396),중복 FOOD_CD
P103-101020400-1205,디더블유,중복 FOOD_CD
P103-101020400-1207,샴페인 트러프,중복 FOOD_CD
P103-101020400-1208,샴페인 트러프 다크,중복 FOOD_CD
P103-101020400-1216,트러플 셀렉션 36피스 (10109791),중복 FOOD_CD
P103-101020400-1220,프랄린 두바이 스타일 밀크 8 피스/박스 (10110757),중복 FOOD_CD
P103-101020400-1221,프랄린 셀렉션 18피스 (10109376),중복 FOOD_CD
P103-101020400-1222,프랄린 셀렉션 24피스 (10109377),중복 FOOD_CD
P103-101020400-1223,프랄린 셀렉션 36 피스 (10109785),중복 FOOD_CD
P103-101020400-1231,프리쉬쇼기 두바이 스타일 밀크 (10109156),중복 FOOD_CD
P103-101020400-1233,프리쉬쇼기 보트 스몰 (10109395),중복 FOOD_CD
P103-101020400-1234,프리쉬쇼기 스틱 셀렉션 5타입 (10109378),중복 FOOD_CD
P103-101020400-1235,프리쉬쇼기 아몬드 밀크 (10109200),중복 FOOD_CD
P103-101020400-1237,프리쉬쇼기 파우치 스몰 (10109394),중복 FOOD_CD
P103-101020400-1239,프리쉬쇼기 하트 해피 벌쓰데이 (10110758),중복 FOOD_CD
P103-101020400-1240,프리쉬쇼기 하트 헤이즐넛 밀크 (10109373),중복 FOOD_CD
P103-101020500-0345,못난이꼬미앙,중복 FOOD_CD
P103-101020500-1478,카다이프 스트로베리 초콜릿,중복 FOOD_CD
P103-102020500-0194,우도땅콩초코찰떡파이,중복 FOOD_CD
P103-102020500-0376,저당 초콜릿 프레첼,중복 FOOD_CD
P103-102020500-0671,스트로베리 랑그드샤,중복 FOOD_CD
P103-102020500-0689,초코 티라미수 랑그드샤,중복 FOOD_CD
P103-102020500-0843,퐁당마시멜로우 다크,중복 FOOD_CD
P103-102020500-0887,딸기라떼 랑그드샤,중복 FOOD_CD
P103-102020500-1054,크런키 초코바,중복 FOOD_CD
P103-102020500-1145,7D 초코망고,중복 FOOD_CD
P103-102020500-1263,니신 와퍼 초코라바,중복 FOOD_CD
P103-102020500-1270,다크 잔두이오띠,중복 FOOD_CD
P103-102020500-1413,로투스 오리지날 벨기에 와플 위드 초콜렛,중복 FOOD_CD
P103-102020500-1416,루 베리따블 쁘띠 에콜리어,중복 FOOD_CD
P103-102020500-1537,모리나가 초코칩 쿠키,중복 FOOD_CD
P103-102020500-1538,모리스 밀크 칩,중복 FOOD_CD
P103-102020500-1588,밀카 센세이션,중복 FOOD_CD
P103-102020500-1592,밀카 초코 슈프림 (180G),중복 FOOD_CD
P103-102020500-1874,실카 초콜릿 위드 아몬드,중복 FOOD_CD
P103-102020500-1875,실카 초콜릿 위드 크리스피,중복 FOOD_CD
P103-102020500-1882,씨씨 플래시백 믹스,중복 FOOD_CD
P103-102020500-1891,아마레나 파브리 봉봉 초콜릿,중복 FOOD_CD
P103-102020500-1895,아몬드 밀크초콜릿,중복 FOOD_CD
P103-102020500-1931,앙젤리나 밀크 초콜릿 필드 위드 프랄린,중복 FOOD_CD
P103-102020500-1999,오트 초코칩 쿠키,중복 FOOD_CD
P103-102020500-2154,카바야 사쿠사쿠 팬더,중복 FOOD_CD
P103-102020500-2279,크리스피퍼프 초코,중복 FOOD_CD
P103-102020500-2290,킨더 조이 20g,중복 FOOD_CD
P103-102020500-2443,펠르 파인 오렌지,중복 FOOD_CD
P103-102020500-2450,포트넘앤메이슨 더 매그니피슨트 미니 뮤지컬 메리 고 라운드,중복 FOOD_CD
P103-102020500-2460,폰단테카라멜토피초콜릿,중복 FOOD_CD
P103-102020500-2509,프로틴 바 디럭스 바닐라향 아몬드맛,중복 FOOD_CD
P103-102020500-2532,피넛 초코바,중복 FOOD_CD
P103-102020500-2556,하누타 리겔,중복 FOOD_CD
P103-102020500-2838,리터스포트 피스타치오 초콜릿,중복 FOOD_CD
P103-102020500-2871,모리나가 고에다 밀크,중복 FOOD_CD
P103-102020500-2886,미니 헤이즐넛 브라우니,중복 FOOD_CD
P103-102020500-2907,밀카 오레오,중복 FOOD_CD
P103-102020500-2908,밀카 요거트,중복 FOOD_CD
P103-102020500-2927,밀크초콜릿 포테이토칩 (210044),중복 FOOD_CD
P103-102020500-2947,바튜야 노이세테 밀크,중복 FOOD_CD
P103-102020500-2952,발센 오네글리첸(퍼스트클래스),중복 FOOD_CD
P103-102020500-2992,부보 마카담,중복 FOOD_CD
P103-102020500-2995,부보 카주,중복 FOOD_CD
P103-102020500-3000,브란트 초코룹스(12KG),중복 FOOD_CD
P103-102020500-3015,센세이션 말라코흐 2KG - 33237,중복 FOOD_CD
P103-102020500-3021,솔티드카라멜밀크초콜릿아몬드(120g),중복 FOOD_CD
P103-102020500-3028,스니커즈 아몬드 (아몬드 17%함유) (10120589),중복 FOOD_CD
P103-102020500-3073,알포트 미니 초콜릿 말차,중복 FOOD_CD
P103-102020500-3092,에브리버거 초코비스킷,중복 FOOD_CD
P103-102020500-3136,웨이퍼롤  초콜릿,중복 FOOD_CD
P103-102020500-3141,유기농 넛츠 클러스터 다크초콜릿,중복 FOOD_CD
P103-102020500-3178,초코랜드 듀오어솔트먼트,중복 FOOD_CD
P103-102020500-3180,초코바나나 크레페,중복 FOOD_CD
P103-102020500-3181,초코베어 150g,중복 FOOD_CD
P103-102020500-3201,초콜릿 크레페,중복 FOOD_CD
P103-102020500-3239,코코넛로쉐 초코,중복 FOOD_CD
P103-102020500-3248,코퍼튜라 크록 피스타치오,중복 FOOD_CD
P103-102020500-3294,킷캣 미니 오리지널 (5kg) (sku44270814),중복 FOOD_CD
P103-102020500-3297,킷캣 청키 쿠키앤크림향 (38g)(sku12499326),중복 FOOD_CD
P103-102020500-3324,티라미수초코 (112443),중복 FOOD_CD
P103-102020500-3352,페어 시나몬 타르트 2KG - 33688,중복 FOOD_CD
P103-102020500-3397,피스타치오 크림 앤 카다이프 밀크초콜릿,중복 FOOD_CD
P103-102020500-3444,후지야 컨트리맘 초코마미레,중복 FOOD_CD
P103-102020500-3447,후지야 홈파이 초코다라케,중복 FOOD_CD
P103-102020500-3571,500287 토피 엣츠,중복 FOOD_CD
P103-102020500-3590,누아제트 앙로베,중복 FOOD_CD
P103-102020500-3599,랑그드샤 초코,중복 FOOD_CD
P103-102020500-3625,미니 비비엔느,중복 FOOD_CD
P103-102020500-3634,바르 쇼콜라 오 레,중복 FOOD_CD
P103-102020500-3659,블란츌,중복 FOOD_CD
P103-102020500-3670,스니커즈 땅콩 펀사이즈(땅콩 22% 함유) (10249612-160g),중복 FOOD_CD
P103-102020500-3671,스니커즈 미니스 (땅콩 22% 함유) (10144558),중복 FOOD_CD
P103-102020500-3681,알포트 미니 초콜릿,중복 FOOD_CD
P103-102020500-3682,알포트 미니 초콜릿 딸기,중복 FOOD_CD
P103-102020500-3683,알포트 미니 초콜릿 바닐라,중복 FOOD_CD
P103-102020500-3692,오늘좋은 벨지안 씨쉘,중복 FOOD_CD
P103-102020500-3701,임페리얼 초콜릿 헤이즐넛 웨이퍼,중복 FOOD_CD
P103-102020500-3728,코코아 크런치 칩,중복 FOOD_CD
P103-102020500-3733,킨더 부에노 (43g),중복 FOOD_CD
P103-102020500-3734,킨더 부에노 미니,중복 FOOD_CD
P103-102020500-3745,타블레트 가르니 말,중복 FOOD_CD
P103-102020500-3755,페레로 로쉐 다크 초콜릿 바,중복 FOOD_CD
P103-102020500-3758,페튤라 블뢰,중복 FOOD_CD
P103-102020500-3768,픽업 솔티드 카라멜맛,중복 FOOD_CD
P103-102020500-3769,픽업 초코(오리지널) 28g,중복 FOOD_CD
P103-102020500-3774,하트 마시멜로 핫초콜릿 스푼,중복 FOOD_CD
P103-102020500-3779,허쉬 크리미 밀크아몬드(90g),중복 FOOD_CD
P103-102020500-3802,땅콩초코볼,중복 FOOD_CD
P103-102020500-3825,몰티져스 다크 버켓(코코아매스 23% 함유) (10266570-465g),중복 FOOD_CD
P103-102020500-3827,몰티져스 밀크 버켓 (10266589 - 465g),중복 FOOD_CD
P103-102020500-3838,블랙썬더 미니바,중복 FOOD_CD
P103-102020500-3839,블랙썬더 미니바 딸기,중복 FOOD_CD
P103-102020500-3842,생미쉘 초코 갈라떼 121g,중복 FOOD_CD
P103-102020500-3856,엠 앤 엠즈 피넛 (10273889 - 37g),중복 FOOD_CD
P103-102020500-3859,엠앤엠즈 크리스피 (10273908 - 30g),중복 FOOD_CD
P103-102020500-3907,기라델리 다크초콜릿 씨솔트카라멜(151g),중복 FOOD_CD
P103-102020500-3909,기라델리 밀크초콜릿 카라멜,중복 FOOD_CD
P103-102020500-3938,메이지 스트로베리 초콜릿 42g,중복 FOOD_CD
P103-102020500-3962,부르봉 자가초코,중복 FOOD_CD
P103-102020500-3977,쉘위 카카오,중복 FOOD_CD
P103-102020500-3978,쉘위 클래식,중복 FOOD_CD
P103-102020500-3979,스낵킹 로쉐 밀크 (10109860),중복 FOOD_CD
P103-102020500-3980,스낵킹 오렌지 스틱 (10109400),중복 FOOD_CD
P103-102020500-3981,스낵킹 플로렌틴 다크 (10109861),중복 FOOD_CD
P103-102020500-3999,엠앤엠즈 크리스피 (10274793 - 144g),중복 FOOD_CD
P103-102020500-4000,오곡쿠키 초코볼,중복 FOOD_CD
P103-102020500-4012,초코 스타즈,중복 FOOD_CD
P103-102020500-4017,초콜릿 펄 아몬드 (10109857),중복 FOOD_CD
P103-102020500-4036,페레로 로쉐 63g,중복 FOOD_CD
P103-102020500-4163,두쫀볼 초코찰떡파이 (두바이 스타일 쫀득 볼),중복 FOOD_CD
P103-102020500-4181,몰티져스 밀크 벌크(탈지분유 12% 함유) (10154799),중복 FOOD_CD
P103-102020500-4183,미스터 바이트 웜프 코코아,중복 FOOD_CD
P103-102020500-4197,삭 외프 존,중복 FOOD_CD
P103-102020500-4198,스낵킹 플로렌틴 밀크 (10109399),중복 FOOD_CD
P103-102020500-4200,앙젤리나 크리스피 크레페 다크초콜릿 (다크초콜릿43%함유) (70G),중복 FOOD_CD
P103-102020500-4210,초코베어,중복 FOOD_CD
P103-102020500-4212,초코후레이크,중복 FOOD_CD
P103-102020500-4214,초콜릿 펄 마카다미아 (10109859),중복 FOOD_CD
P103-102020500-4229,프리쉬쇼기 미니 믹스 프루트 (10110474),중복 FOOD_CD
P103-102020500-4230,프리쉬쇼기 미니 아몬드 (10110476),중복 FOOD_CD
P103-102020500-4231,프리쉬쇼기 미니 헤이즐넛 (10110472),중복 FOOD_CD
P103-103020500-0093,초코파이,중복 FOOD_CD
P103-103020500-0107,생 초코파이,중복 FOOD_CD
P103-203010400-0257,마일로,중복 FOOD_CD
P103-203010400-0266,밀크 매직 스트로우 코코아맛,중복 FOOD_CD
P103-203010400-0267,밀크 매직 스트로우 코코아비스킷,중복 FOOD_CD
P103-203010400-0298,앙젤리나 코코아 스프레드,중복 FOOD_CD
P103-203010400-0306,오발틴,중복 FOOD_CD
P103-203010400-0322,초코향 다빈치,중복 FOOD_CD
P103-203010400-0343,크림초코 파우더,중복 FOOD_CD
P103-203010400-0379,기라델리 스위트 그라운드 파우더 초콜릿 & 코코아,중복 FOOD_CD
P103-203010400-0392,델리페이스트 초콜렛 틴,중복 FOOD_CD
P103-203010400-0400,밀크 컴파운드,중복 FOOD_CD
P103-203010400-0410,빠떼아글라세 블롱드(코팅밀크) (M-9VBL-656),중복 FOOD_CD
P103-203010400-0439,초코라떼,중복 FOOD_CD
P103-203010400-0448,콤플릿 블랙소프트 55,중복 FOOD_CD
P103-203010400-0453,토라니 다크초콜릿맛 퓨어메이드 농축시럽,중복 FOOD_CD
P103-203010400-0457,프리미엄 핫 코코아(907g),중복 FOOD_CD
P103-203010400-0489,탱고 밀크 초코 아몬드 칩,중복 FOOD_CD
P103-203010400-0507,초코 미로와,중복 FOOD_CD
P103-203010400-0527,스윗그라운드초콜렛파우더,중복 FOOD_CD
P104-201020000-0012,커클랜드 시그니춰 메이플 시럽 (#854362),중복 FOOD_CD
P104-201070000-0155,그래나딘 시럽,중복 FOOD_CD
P104-201070000-0165,라임시럽,중복 FOOD_CD
P104-201070000-0233,블루베리 시럽,중복 FOOD_CD
P104-201070000-0242,스트로베리 시럽,중복 FOOD_CD
P104-201070000-0267,지룩스 그라나딘 시럽,중복 FOOD_CD
P104-201070000-0294,초콜렛 시럽,중복 FOOD_CD
P104-201070000-0296,초콜릿시럽,중복 FOOD_CD
P104-201070000-0311,토피넛 향 시럽,중복 FOOD_CD
P104-201070000-0316,판단 시럽,중복 FOOD_CD
P104-201070000-0319,패션후르츠시럽,중복 FOOD_CD
P104-201070000-0340,카라멜향 시럽,중복 FOOD_CD
P104-601060100-0135,화미 고백당(7.64KG),중복 FOOD_CD
P104-701040000-0004,함수결정포도당,중복 FOOD_CD
P104-701060300-0001,소사 말토섹 - 48683,중복 FOOD_CD
P104-701070000-0640,익스트림 듀얼 아르기닌 플러스,중복 FOOD_CD
P104-701070000-1103,델리 카라멜,중복 FOOD_CD
P104-701070000-1129,로즈 시럽,중복 FOOD_CD
P104-701070000-1207,아몬드 허니,중복 FOOD_CD
P104-701070000-1220,오에가키 구미랜드,중복 FOOD_CD
P104-701070000-1279,큐라소 트리플 섹 시럽,중복 FOOD_CD
P104-701070000-1297,토라니 카라멜향 퓨어메이드 시럽,중복 FOOD_CD
P104-701070000-1299,토라니 화이트초콜릿맛 퓨어메이드 농축시럽,중복 FOOD_CD
P104-701070000-1354,노로히 유기농 바닐라 익스트랙 - 44774,중복 FOOD_CD
P104-701070000-1364,뜨넛 팜슈가페이스트,중복 FOOD_CD
P104-701070000-1392,미로와 뉴트랄,중복 FOOD_CD
P104-701070000-1399,버터스카치향 다빈치,중복 FOOD_CD
P104-701070000-1413,서브리모,중복 FOOD_CD
P104-701070000-1428,압솔루 크리스탈 글레이즈 - 5010,중복 FOOD_CD
P104-701070000-1448,커피향 컬러롬,중복 FOOD_CD
P104-701070000-1482,타노시이 오스시야상,중복 FOOD_CD
P104-701070000-1492,파티스 아로메 커피향 플레이버링,중복 FOOD_CD
P104-701070000-1494,팝핀쿠킹 라멘야상,중복 FOOD_CD
P104-701070000-1667,34283.노로히 유기농 바닐라 빈 페이스트,중복 FOOD_CD
P104-701070000-1669,그라나티나 그레나딘,중복 FOOD_CD
P104-701070000-1739,스위트컵 타이완 흑당,중복 FOOD_CD
P104-701070000-1772,라임시즈닝파우더,중복 FOOD_CD
P104-701070000-1789,비정제 천연당,중복 FOOD_CD
P104-701070000-1793,소피체,중복 FOOD_CD
P104-701070000-1831,헤이즐넛향 시럽,중복 FOOD_CD
P104-701070000-2006,바닐라향 시럽- 750ml,중복 FOOD_CD
P104-701070000-2016,비정제원당,중복 FOOD_CD
P104-701070000-2040,옹토,중복 FOOD_CD
P104-701070000-2044,으오이 사오 퐁남 1.284kg,중복 FOOD_CD
P104-701070000-2045,으오이 사오 퐁남 380g,중복 FOOD_CD
P104-701070000-2046,응오이사오 프엉남 (1.284KG),중복 FOOD_CD
P104-701070000-2064,캐쳐 얼그레이향,중복 FOOD_CD
P105-001000100-1180,다보 블루베리잼(200g),중복 FOOD_CD
P105-001000100-1218,딸기잼,중복 FOOD_CD
P105-001000100-1333,본마망 오렌지 마멀레이드 370G,중복 FOOD_CD
P105-001000100-1335,본마망 인텐스 라스베리잼 335g,중복 FOOD_CD
P105-001000100-1336,본마망 인텐스 블루베리잼 335g,중복 FOOD_CD
P105-001000100-1337,본마망 인텐스 살구잼 335g,중복 FOOD_CD
P105-001000100-1382,살구잼,중복 FOOD_CD
P105-001000100-1433,씨없는 산딸기잼,중복 FOOD_CD
P105-001000100-1556,헬리오스 딸기잼 330g,중복 FOOD_CD
P105-001000100-1559,헬리오스 무화과잼 330g,중복 FOOD_CD
P105-001000100-1560,헬리오스 복숭아잼 330g,중복 FOOD_CD
P105-001000100-1561,헬리오스 블루베리잼 330g,중복 FOOD_CD
P105-001000100-1612,라 트랭클리네트 3시트러스잼,중복 FOOD_CD
P105-001000100-1613,라 트랭클리네트 4 레드 프루츠잼,중복 FOOD_CD
P105-001000100-1614,라 트랭클리네트 딸기잼,중복 FOOD_CD
P105-001000100-1615,라 트랭클리네트 라즈베리잼,중복 FOOD_CD
P105-001000100-1616,라 트랭클리네트 무화과잼,중복 FOOD_CD
P105-001000100-1617,라 트랭클리네트 미라벨자두잼,중복 FOOD_CD
P105-001000100-1618,라 트랭클리네트 살구잼,중복 FOOD_CD
P105-001000100-1695,샹.달프 금귤잼(284g),중복 FOOD_CD
P105-001000100-1696,샹.달프 블랙체리잼(284g),중복 FOOD_CD
P105-001000100-1705,스트로베리 스프레드 (#665334),중복 FOOD_CD
P105-001000100-1713,안젤리나 살구잼 (살구52.5% 함유),중복 FOOD_CD
P105-001000100-1735,유기농 딸기 & 야생딸기 잼,중복 FOOD_CD
P105-001000100-1743,유기농 야생블루베리 잼,중복 FOOD_CD
P105-001000100-1777,헬리오스 무가당 엑스트라 복숭아잼,중복 FOOD_CD
P105-001000100-1779,헬리오스 무가당 엑스트라 포레스트잼,중복 FOOD_CD
P105-001000100-1906,본마망 딸기잼 370g,중복 FOOD_CD
P105-001000100-1908,본마망 라스베리잼 370g,중복 FOOD_CD
P105-001000100-1909,본마망 살구잼 370g,중복 FOOD_CD
P105-001000100-1911,비렌버그 오스트레일리안 블루베리잼 (블루베리 40.6%) 14g cup x 120,중복 FOOD_CD
P105-001000100-1913,샹.달프 블루베리잼(170g),중복 FOOD_CD
P105-001000100-1914,샹따무르 딸기잼,중복 FOOD_CD
P105-001000100-1916,샹따무르 살구잼,중복 FOOD_CD
P105-001000100-1921,칼라만시 리플잼 - BJ,중복 FOOD_CD
P105-001000100-1923,폰타나 스프레드 펌킨&월넛,중복 FOOD_CD
P105-001000100-1966,본마망 무화과잼,중복 FOOD_CD
P105-001000100-1973,비렌버그 오스트레일리안 살구잼 (살구 41.9%) 14g cup x 120,중복 FOOD_CD
P105-001000100-1979,유기농 블루베리잼,중복 FOOD_CD
P105-001000100-1980,유기농 살구잼,중복 FOOD_CD
P105-001000100-2051,본마망 라스베리잼 225g,중복 FOOD_CD
P105-001000100-2056,샹.달프 애플앤시나몬잼(284g),중복 FOOD_CD
P105-001000200-0073,웰파인더진한모히또라임,중복 FOOD_CD
P105-001000200-0323,라즈베리 프룻 믹스,중복 FOOD_CD
P105-001000200-0328,망고 크러쉬,중복 FOOD_CD
P105-001000200-0333,바나나 프룻 믹스,중복 FOOD_CD
P105-001000200-0337,복숭아 크러쉬,중복 FOOD_CD
P105-001000200-0353,스트로베리 프룻믹스,중복 FOOD_CD
P105-001000200-0356,엘더플라워 코디알,중복 FOOD_CD
P105-001000200-0370,토스트박스 논야 카야잼,중복 FOOD_CD
P105-001000200-0371,토스트박스 하이난 카야잼,중복 FOOD_CD
P105-001000200-0380,피치 프룻 믹스,중복 FOOD_CD
P105-001000200-0393,망고 프룻믹스,중복 FOOD_CD
P105-001000200-0450,키르쉬필링,중복 FOOD_CD
P106-001000100-0385,죽염두부,중복 FOOD_CD
P106-001000100-0466,해맑은 두부,중복 FOOD_CD
P106-001000100-0467,황금 버섯두부,중복 FOOD_CD
P106-001000100-0852,명인의 손두부&순두부,중복 FOOD_CD
P106-002000300-0138,냉동유부 슬라이스,중복 FOOD_CD
P106-002000300-0158,냉동 유부(40매)(T231),중복 FOOD_CD
P106-002000300-0161,유부슬라이스,중복 FOOD_CD
P106-002000300-0162,조미유부(170g),중복 FOOD_CD
P106-002000300-0170,조미유부(유부39%),중복 FOOD_CD
P106-002000300-0185,삼각유부,중복 FOOD_CD
P106-004000400-0237,연서네 우무채,중복 FOOD_CD
P106-005000100-0019,냉동두부피슬라이스,중복 FOOD_CD
P106-005000200-0007,두유피,중복 FOOD_CD
P106-005000200-0011,퀵 쿠킹 푸주,중복 FOOD_CD
P106-005000200-0028,푸주 2KG,중복 FOOD_CD
P106-005000200-0038,천미방 자른푸주,중복 FOOD_CD
P106-005000200-0040,푸주,중복 FOOD_CD
P106-005000300-0067,간모,중복 FOOD_CD
P106-006000400-0107,오징어롤모양 곤약소식,중복 FOOD_CD
P106-006000400-0109,향라웨이 설곤약,중복 FOOD_CD
P107-101010100-0422,순향콩기름,중복 FOOD_CD
P107-103010300-0107,카놀라유 1L,중복 FOOD_CD
P107-103010300-0130,유기농 카놀라유 (25L),중복 FOOD_CD
P107-103010300-0131,카놀라유,중복 FOOD_CD
P107-103010300-0132,프리미엄 유기농 유채유,중복 FOOD_CD
P107-104010400-0046,미강유(현미유),중복 FOOD_CD
P107-105010500-0545,미녀와 참기름,중복 FOOD_CD
P107-107010700-0488,들기름,중복 FOOD_CD
P107-107010700-0490,들기름,중복 FOOD_CD
P107-107010700-0506,미녀와 들기름,중복 FOOD_CD
P107-107010700-0544,들기름,중복 FOOD_CD
P107-107010700-0595,들기름,중복 FOOD_CD
P107-110011000-0093,수날 해바라기유,중복 FOOD_CD
P107-110011000-0159,해바라기유 1L,중복 FOOD_CD
P107-110011000-0206,올레이나 해바라기유 (1L),중복 FOOD_CD
P107-110011000-0212,해바라기유,중복 FOOD_CD
P107-113011300-0720,노브스갈라 유기농 엑스트라 버진 올리브유,중복 FOOD_CD
P107-113011300-0766,라비다 엑스트라버진 올리브오일(500ml),중복 FOOD_CD
P107-113011300-0805,마르케스 데 그리뇽 엑스트라 버진 올리브 오일,중복 FOOD_CD
P107-113011300-0838,모니니 그란푸르타토 엑스트라버진올리브오일,중복 FOOD_CD
P107-113011300-0913,비정제 올가닉 엑스트라버진 올리브오일,중복 FOOD_CD
P107-113011300-0914,빌라마노도리 엑스트라버진 올리브오일,중복 FOOD_CD
P107-113011300-0925,사비노 프리미에르 노벨로 엑스트라버진 올리브오일,중복 FOOD_CD
P107-113011300-0955,시칠리아 엑스트라 버진 올리브오일,중복 FOOD_CD
P107-113011300-0967,아르베끼나 까사스디 후알도 엑스트라 버진 올리브오일,중복 FOOD_CD
P107-113011300-0981,아시엔다 구즈먼 엑스트라버진 올리브유,중복 FOOD_CD
P107-113011300-1133,오메드 엑스트라버진 올리브오일 피쿠알,중복 FOOD_CD
P107-113011300-1187,올리오 엑스트라 베르지네 디 올리바,중복 FOOD_CD
P107-113011300-1199,올리타리아 유기농 엑스트라버진 올리브유 500ML,중복 FOOD_CD
P107-113011300-1215,유기농 엑스트라 버진 올리브 오일,중복 FOOD_CD
P107-113011300-1249,유기농 피쿠알 엑스트라버진 올리브오일,중복 FOOD_CD
P107-113011300-1255,유러피안 퓨어 올리브유,중복 FOOD_CD
P107-113011300-1341,클라직 엑스트라버진 올리브유,중복 FOOD_CD
P107-113011300-1383,페페브루노 엑스트라 버진 올리브 오일,중복 FOOD_CD
P107-113011300-1451,하시엔다 라파엘 엑스트라 버진 올리브유,중복 FOOD_CD
P107-113011300-1477,까사노바 디 네리(엑스트라 버진 올리브유),중복 FOOD_CD
P107-113011300-1488,데 카를로 엑스트라 버진 디 올리바 다 아그리콜투라 바이오로지카,중복 FOOD_CD
P107-113011300-1643,올리브유,중복 FOOD_CD
P107-113011300-1661,유기농 에콜리보르 엑스트라버진 올리브오일(냉추출방식),중복 FOOD_CD
P107-113011300-1685,유기농 올리오 엑스트라버진 디 올리바 -250ML-,중복 FOOD_CD
P107-113011300-1751,프란토이오 테나치아 엑스트라버진 유기농 올리브오일,중복 FOOD_CD
P107-113011300-1768,필리 유기농 엑스트라 버진 올리브 오일 바이오 (500ml),중복 FOOD_CD
P107-113011300-1813,올레비다 유기농 엑스트라버진 올리브오일,중복 FOOD_CD
P107-113011300-1832,고체디사포레 엑스트라버진 올리브오일,중복 FOOD_CD
P107-113011300-1864,만토바 엑스트라버진 올리브 오일 스프레이 200ml,중복 FOOD_CD
P107-113011300-1867,메이노바 엑스트라버진 올리브오일 얼리 하베스트,중복 FOOD_CD
P107-113011300-1876,바쏘 엑스트라버진 올리브오일 1L,중복 FOOD_CD
P107-113011300-1920,알카라올리바 유기농 엑스트라버진 올리브오일 500ml,중복 FOOD_CD
P107-113011300-1922,압착올리브유,중복 FOOD_CD
P107-113011300-1924,에나 에나 엑스트라 버진 올리브유 (250ml),중복 FOOD_CD
P107-113011300-1983,유기농 엑스트라 버진 올리브오일,중복 FOOD_CD
P107-113011300-1991,유기농 엑스트라버진 올리브오일,중복 FOOD_CD
P107-113011300-2010,커클랜드 시그니춰 바에나 올리브유 [#1162559],중복 FOOD_CD
P107-113011300-2019,크리티다 올가닉 디오피 엑스트라버진 올리브오일,중복 FOOD_CD
P107-113011300-2065,로빌라 레친&아체부체 유기농 엑스트라버진 올리브오일,중복 FOOD_CD
P107-113011300-2074,모니니 클라시코 엑스트라버진올리브오일 1000ml,중복 FOOD_CD
P107-113011300-2081,아르베키나 엑스트라버진 올리브오일,중복 FOOD_CD
P107-113011300-2092,엑스트라버진올리브오일(1L),중복 FOOD_CD
P107-113011300-2103,올리오 엑스트라 버진 디 올리바,중복 FOOD_CD
P107-113011300-2114,유기농엑스트라버진올리브유 250ml 12입,중복 FOOD_CD
P107-113011300-2115,유기농엑스트라버진올리브유(500ml),중복 FOOD_CD
P107-113011300-2125,크리티다 엑스트라버진 올리브오일,중복 FOOD_CD
P107-113011300-2140,노블레자 델 수르 트레디션 아르베끼나,중복 FOOD_CD
P107-113011300-2152,만토바 엑스트라버진 올리브 오일 스프레이 330ml,중복 FOOD_CD
P107-113011300-2159,베네토 발폴리첼라 엑스트라버진 올리브오일 디오피 (500ml),중복 FOOD_CD
P107-113011300-2165,아버 세니움 엑스트라버진 올리브오일 (250ml),중복 FOOD_CD
P107-113011300-2189,올리버리 엑스트라버진 올리브유,중복 FOOD_CD
P107-113011300-2209,유기농엑스트라버진올리브유 500ml,중복 FOOD_CD
P107-113011300-2215,카시타스 디 후알도 엑스트라버진 올리브유,중복 FOOD_CD
P107-113011300-2256,NH유기농엑스트라버진올리브오일,중복 FOOD_CD
P107-113011300-2270,만토바 골든 엑스트라버진 올리브유-1L,중복 FOOD_CD
P107-113011300-2292,오로바일렌 엑스트라버진 올리브오일 - 아르베퀴나 (100 ml),중복 FOOD_CD
P107-113011300-2297,오로바일렌 엑스트라버진 올리브오일 - 피쿠알 (500 ml),중복 FOOD_CD
P107-113011300-2302,올레이콜라하엔 엑스트라버진 올리브오일(500ml),중복 FOOD_CD
P107-113011300-2330,파르티다 레알 엑스트라 버진 올리브유,중복 FOOD_CD
P107-113011300-2335,피콜 까사스디 후알도 엑스트라 버진 올리브오일,중복 FOOD_CD
P107-116011600-0007,고추씨 기름,중복 FOOD_CD
P107-117011700-0181,그로브 아보카도 오일(250ml),중복 FOOD_CD
P107-117011700-0217,산 루카스 엑스트라 버진 아보카도 오일( 1L ),중복 FOOD_CD
P107-117011700-0233,아보카도 오일,중복 FOOD_CD
P107-117011700-0276,월넛 오일,중복 FOOD_CD
P107-117011700-0281,유기농 아마씨유,중복 FOOD_CD
P107-117011700-0313,페페브루노 아보카도 오일,중복 FOOD_CD
P107-117011700-0337,헤이즐넛 오일,중복 FOOD_CD
P107-117011700-0416,100% 엑스트라버진아보카도오일,중복 FOOD_CD
P107-117011700-0420,만토바 100% 아보카도 오일 스프레이 200ml,중복 FOOD_CD
P107-117011700-0431,아보파머스 엑스트라버진 아보카도오일,중복 FOOD_CD
P107-117011700-0432,알티보 포머스  올리브오일,중복 FOOD_CD
P107-117011700-0435,유기농 압착 호두오일,중복 FOOD_CD
P107-117011700-0437,포마스 오일,중복 FOOD_CD
P107-117011700-0438,포마스 올리브 오일(1L),중복 FOOD_CD
P107-117011700-0447,라 플로 드 말라가 올리브 포마스 오일,중복 FOOD_CD
P107-117011700-0456,올리오 디 산사 디 올리바,중복 FOOD_CD
P107-117011700-0474,아보카도 오일 [#1515772],중복 FOOD_CD
P107-117011700-0487,포마스 올리브 오일(5L),중복 FOOD_CD
P107-117011700-0509,만토바 100% 아보카도 오일 스프레이 330ml,중복 FOOD_CD
P107-117011700-0512,아몰리바 포마스 올리브오일 1L,중복 FOOD_CD
P107-301030100-0197,식용식물 조화유,중복 FOOD_CD
P107-301030100-0201,파티니 혼합 포마스 오일,중복 FOOD_CD
P107-301030100-0228,캡틴 혼합식용유,중복 FOOD_CD
P107-302030200-0148,참향기름,중복 FOOD_CD
P107-302030200-0546,고추씨추출기름,중복 FOOD_CD
P107-302030200-0559,라비다 레몬올리브 오일,중복 FOOD_CD
P107-302030200-0566,라홍방등초유,중복 FOOD_CD
P107-302030200-0619,벤테라 유기농 엑스트라버진 올리브오일 갈릭,중복 FOOD_CD
P107-302030200-0620,벤테라 유기농 엑스트라버진 올리브오일 레몬,중복 FOOD_CD
P107-302030200-0658,스모크드 알베퀴노 올리브 오일,중복 FOOD_CD
P107-302030200-0696,엑스트라버진 올리브오일 갈릭향,중복 FOOD_CD
P107-302030200-0698,엑스트라버진 올리브오일 레몬,중복 FOOD_CD
P107-302030200-0702,엑스트라버진 올리브오일 칠리향,중복 FOOD_CD
P107-302030200-0704,엑스트라버진 올리브오일 트러플향,중복 FOOD_CD
P107-302030200-0802,향미유,중복 FOOD_CD
P107-302030200-0814,화이트 트러플 오일,중복 FOOD_CD
P107-302030200-0854,라부치리아 엑스트라버진 올리브 오일 리모네,중복 FOOD_CD
P107-302030200-0863,마라유,중복 FOOD_CD
P107-302030200-0895,산초유(산초나무유40%함유)(2500ml),중복 FOOD_CD
P107-302030200-0904,알 타르투포 네로 엑스트라 버진 올리브오일 블랙 트러플향,중복 FOOD_CD
P107-302030200-0918,엑스트라 버진 올리브 오일 만다린 (100 ml),중복 FOOD_CD
P107-302030200-0920,엑스트라 버진 올리브 오일 바질 (100 ml),중복 FOOD_CD
P107-302030200-1066,만토바 트러플향 엑스트라버진 올리브 오일 스프레이 200ml,중복 FOOD_CD
P107-302030200-1091,향미유,중복 FOOD_CD
P107-302030200-1092,향미유,중복 FOOD_CD
P107-302030200-1121,마자오유,중복 FOOD_CD
P107-302030200-1134,향미유(16.5kg),중복 FOOD_CD
P107-302030200-1188,카니고오일 칠리 갈릭 페퍼 250ml,중복 FOOD_CD
P107-302030200-1191,향미유,중복 FOOD_CD
P107-302030200-1193,화조유 (1.8L),중복 FOOD_CD
P107-304030400-0039,아데카 에프엔-에이치비-이,중복 FOOD_CD
P107-304030400-0040,카네카 쇼트닝,중복 FOOD_CD
P107-305030500-0049,스트로 칩,중복 FOOD_CD
P107-307030700-0083,카네이션,중복 FOOD_CD
P107-307030700-0148,카카오 멜론셀,중복 FOOD_CD
P107-307030700-0160,토핑로얄 듀오골드 유니크,중복 FOOD_CD
P107-307030700-0161,토핑로얄듀오골드,중복 FOOD_CD
P108-001000200-0070,샤브면,중복 FOOD_CD
P108-001000200-0147,면누리오래가는빠른국수,중복 FOOD_CD
P108-001000200-0231,검은콩 콩국수,중복 FOOD_CD
P108-001000200-0247,밀면,중복 FOOD_CD
P108-001000200-0303,야끼소바 학교,중복 FOOD_CD
P108-001000200-0308,유데야끼소바,중복 FOOD_CD
P108-001000200-0350,부산식 밀면 사리면,중복 FOOD_CD
P108-001000300-0423,꽈면,중복 FOOD_CD
P108-001000300-0472,슈페리오 풋리 자궁,중복 FOOD_CD
P108-001000300-0473,스트링 하퍼스,중복 FOOD_CD
P108-001000300-0474,스트링 호퍼,중복 FOOD_CD
P108-001000300-0508,옥수수국수,중복 FOOD_CD
P108-001000300-0510,옥수수국수,중복 FOOD_CD
P108-001000300-0517,옥수수국수 2.5kg,중복 FOOD_CD
P108-001000300-0547,타카오 소면,중복 FOOD_CD
P108-001000300-0548,테노베 소면 이보노이토,중복 FOOD_CD
P108-001000300-0559,홍서분피,중복 FOOD_CD
P108-001000300-0568,계란맛국수,중복 FOOD_CD
P108-001000300-0583,마도삭건면,중복 FOOD_CD
P108-001000300-0587,마라펀,중복 FOOD_CD
P108-001000300-0646,테노베 소면 이보노이토,중복 FOOD_CD
P108-001000300-0690,에그누들,중복 FOOD_CD
P108-001000300-0711,100%옥수수국수,중복 FOOD_CD
P108-002000200-0328,유포면,중복 FOOD_CD
P108-002000300-0051,카다이프,중복 FOOD_CD
P108-002000300-0074,구운 카다이프,중복 FOOD_CD
P108-003000300-0043,돈코츠 라멘,중복 FOOD_CD
P108-003000300-0044,미소돈코츠향 라멘,중복 FOOD_CD
P108-003000300-0047,쇼유돈코츠 라멘,중복 FOOD_CD
P108-003000300-0059,쏸라펀쓰(컵),중복 FOOD_CD
P108-003000300-0081,포보수아앤나이비프플레이버,중복 FOOD_CD
P108-003000300-0152,인스턴트누들 똠얌플레이버,중복 FOOD_CD
P108-003000300-0153,인스턴트누들 치킨 플레이버,중복 FOOD_CD
P108-003000400-0601,닛신 컵누들 씨푸드 커리맛,중복 FOOD_CD
P108-003000400-0602,닛신 컵누들 씨푸드맛,중복 FOOD_CD
P108-003000400-0727,라우타이 컵,중복 FOOD_CD
P108-003000400-0790,커렌트 핫 앤 스파이시,중복 FOOD_CD
P108-003000400-0798,하오하오,중복 FOOD_CD
P108-003000400-0812,핸디 하오하오 컵,중복 FOOD_CD
P108-003000400-0894,인스턴트라면 매콤한 시큼한 새우 맛,중복 FOOD_CD
P108-006000200-0054,분모자A,중복 FOOD_CD
P108-006000200-0076,냉동 하나당면,중복 FOOD_CD
P108-006000200-0087,훠궈면,중복 FOOD_CD
P108-006000200-0104,냉동감자당면,중복 FOOD_CD
P108-006000300-0268,가는 실당면,중복 FOOD_CD
P108-006000300-0298,그대로 납작당면,중복 FOOD_CD
P108-006000300-0312,납작감자당면,중복 FOOD_CD
P108-006000300-0326,녹두납작당면,중복 FOOD_CD
P108-006000300-0330,녹두분사,중복 FOOD_CD
P108-006000300-0344,당면,중복 FOOD_CD
P108-006000300-0346,당면,중복 FOOD_CD
P108-006000300-0350,당면(중식용),중복 FOOD_CD
P108-006000300-0360,동원 일품당면,중복 FOOD_CD
P108-006000300-0366,둥근당면,중복 FOOD_CD
P108-006000300-0384,미소찬 찰당면,중복 FOOD_CD
P108-006000300-0396,산동당면,중복 FOOD_CD
P108-006000300-0434,알찬당면(13kg),중복 FOOD_CD
P108-006000300-0453,오토 샤브샤브당면,중복 FOOD_CD
P108-006000300-0461,용대 찰 당면,중복 FOOD_CD
P108-006000300-0466,이가넙죽이당면,중복 FOOD_CD
P108-006000300-0476,일품당면,중복 FOOD_CD
P108-006000300-0486,조양당면,중복 FOOD_CD
P108-006000300-0490,조이당면,중복 FOOD_CD
P108-006000300-0495,중화당면,중복 FOOD_CD
P108-006000300-0497,중화당면,중복 FOOD_CD
P108-006000300-0498,중화당면,중복 FOOD_CD
P108-006000300-0500,진당면,중복 FOOD_CD
P108-006000300-0508,쫄깃한 당면,중복 FOOD_CD
P108-006000300-0509,쫄깃한 당면,중복 FOOD_CD
P108-006000300-0524,찰당면(중화요리용),중복 FOOD_CD
P108-006000300-0529,참진당면 14KG,중복 FOOD_CD
P108-006000300-0537,풍년당면,중복 FOOD_CD
P108-006000300-0563,훠궈둔분,중복 FOOD_CD
P108-006000300-0594,당면,중복 FOOD_CD
P108-006000300-0616,오토 중화당면,중복 FOOD_CD
P108-006000300-0624,중화당면,중복 FOOD_CD
P108-006000300-0625,중화당면,중복 FOOD_CD
P108-006000300-0652,고구마당면,중복 FOOD_CD
P108-006000300-0654,고구마전분피 (양장피),중복 FOOD_CD
P108-006000300-0658,꽃가마당면,중복 FOOD_CD
P108-006000300-0662,납작찰당면(13kg),중복 FOOD_CD
P108-006000300-0665,당면(중식용),중복 FOOD_CD
P108-006000300-0666,동그랗게 말아놓은 당면,중복 FOOD_CD
P108-006000300-0670,샤브당면,중복 FOOD_CD
P108-006000300-0674,쉐프원 두번자른 화영당면,중복 FOOD_CD
P108-006000300-0676,쉐프원 화영당면(14kg),중복 FOOD_CD
P108-006000300-0678,실속당면,중복 FOOD_CD
P108-006000300-0691,이츠웰 자른당면,중복 FOOD_CD
P108-006000300-0697,진심 중국식 더 넓은 당면 20mm(1Kg),중복 FOOD_CD
P108-006000300-0699,진심자른당면(1KG),중복 FOOD_CD
P108-006000300-0702,찰당면,중복 FOOD_CD
P108-006000300-0704,찰당면(1Kg),중복 FOOD_CD
P108-006000300-0712,납작당면청춘당면(13Kg),중복 FOOD_CD
P108-006000300-0713,뉴진면,중복 FOOD_CD
P108-006000300-0718,오뚜기알뜰당면(14kg),중복 FOOD_CD
P108-006000300-0722,중국식 더 넓은 당면(10kg),중복 FOOD_CD
P108-006000300-0731,홍도당면,중복 FOOD_CD
P108-006000300-0760,오뚜기옛날납작당면(400g),중복 FOOD_CD
P108-006000300-0762,요즘 녹두 실당면,중복 FOOD_CD
P108-006000300-0766,통큰당면,중복 FOOD_CD
P108-007000300-0029,뉴 월남쌈,중복 FOOD_CD
P108-007000300-0060,반짱(월남쌈) (300G),중복 FOOD_CD
P108-007000300-0112,몬 라이스 누들(250g),중복 FOOD_CD
P108-007000300-0113,반다넴 원형,중복 FOOD_CD
P108-007000300-0121,라이스 누들 (1mm),중복 FOOD_CD
P108-007000300-0127,라이스페이퍼,중복 FOOD_CD
P108-008000100-0032,시민냉면 생면,중복 FOOD_CD
P108-008000200-0085,싱거운밥상 함흥냉면,중복 FOOD_CD
P108-008000200-0399,설악 평양냉면,중복 FOOD_CD
P108-008000200-0579,야끼소바각고,중복 FOOD_CD
P108-008000200-0584,이쯔키 산쇼쿠 야끼소바,중복 FOOD_CD
P108-008000200-0589,모리오카 냉면,중복 FOOD_CD
P108-008000200-0610,장단콩 비빔막국수,중복 FOOD_CD
P108-008000200-0694,해뜨락 평양물냉면,중복 FOOD_CD
P108-008000300-0135,전통 니하치 소바,중복 FOOD_CD
P108-008000300-0143,한식원미냉면,중복 FOOD_CD
P108-009000400-0021,불닭볶음면,중복 FOOD_CD
P108-009000400-0074,큰컵치즈불닭볶음면,중복 FOOD_CD
P108-009000400-0123,까르보불닭볶음면,중복 FOOD_CD
P108-010000200-0070,베트남 쌀국수,중복 FOOD_CD
P108-010000200-0079,베트남 쌀국수,중복 FOOD_CD
P108-010000300-0237,반포코 쌀국수,중복 FOOD_CD
P108-010000300-0241,반포코(500g),중복 FOOD_CD
P108-010000300-0270,비폰 쇠고기 쌀국수,중복 FOOD_CD
P108-010000300-0277,빈타이 포타 베트남 소고기향 쌀국수,중복 FOOD_CD
P108-010000300-0278,사포코쌀국수,중복 FOOD_CD
P108-010000300-0279,사포코쌀국수,중복 FOOD_CD
P108-010000300-0318,인스턴트 라이스 버미셀리 위드 크랩스프,중복 FOOD_CD
P108-010000300-0320,인스턴트 라이스 버미셀리 클리어 수프,중복 FOOD_CD
P108-010000300-0348,포보,중복 FOOD_CD
P108-010000300-0384,라이스스틱,중복 FOOD_CD
P108-010000300-0416,쌀국수 (1~2MM),중복 FOOD_CD
P108-010000300-0422,쿵딘 돼지고기향 쌀국수,중복 FOOD_CD
P108-010000300-0435,호앙지아 소고기 쌀국수,중복 FOOD_CD
P108-010000300-0459,멍빈버미셀리,중복 FOOD_CD
P108-010000300-0463,반포코 쌀국수,중복 FOOD_CD
P108-010000300-0470,빈버미셀리,중복 FOOD_CD
P108-010000300-0477,쌀국수,중복 FOOD_CD
P108-010000300-0483,후티우코 쌀국수,중복 FOOD_CD
P108-011000100-0042,이시마루제면 반생 사누키우동면,중복 FOOD_CD
P108-011000100-0048,나츠카시우동,중복 FOOD_CD
P108-011000200-0357,나베야끼카레 우동,중복 FOOD_CD
P108-011000200-0391,에비스야 우동,중복 FOOD_CD
P108-011000300-0032,카마아게 우동,중복 FOOD_CD
P108-011000300-0042,사누키 우동 400g,중복 FOOD_CD
P108-011000300-0043,사누키 우동 630g,중복 FOOD_CD
P108-013000100-0009,생칼국수,중복 FOOD_CD
P108-014000100-0022,뇨끼 파타타 [F01],중복 FOOD_CD
P108-014000100-0023,뇨끼 파타타 스피니치 [F03],중복 FOOD_CD
P108-014000300-0618,5가지 맛 나비 파스타,중복 FOOD_CD
P108-014000300-0619,5가지 맛 몬네짤리아 파스타,중복 FOOD_CD
P108-014000300-0627,그라노로 2분 스파게티,중복 FOOD_CD
P108-014000300-0630,그라노로 딸리아뗄레,중복 FOOD_CD
P108-014000300-0633,그라노로 스파게티,중복 FOOD_CD
P108-014000300-0638,그라노로 유기농 푸실리,중복 FOOD_CD
P108-014000300-0670,데체코 링귀네 NO.7,중복 FOOD_CD
P108-014000300-0672,데체코 링귀니,중복 FOOD_CD
P108-014000300-0673,데체코 스파게티,중복 FOOD_CD
P108-014000300-0674,데체코 스파게티 NO.12,중복 FOOD_CD
P108-014000300-0675,데체코 스파게티니 NO.11,중복 FOOD_CD
P108-014000300-0677,데체코 푸질리,중복 FOOD_CD
P108-014000300-0699,따그라텔레,중복 FOOD_CD
P108-014000300-0702,라리 스파게티,중복 FOOD_CD
P108-014000300-0707,라자냐,중복 FOOD_CD
P108-014000300-0715,램 프리미엄 스파게티,중복 FOOD_CD
P108-014000300-0720,로리 펜네 리가떼,중복 FOOD_CD
P108-014000300-0787,링귀니,중복 FOOD_CD
P108-014000300-0841,바로니아 링귀네,중복 FOOD_CD
P108-014000300-0894,삼색 공룡 파스타,중복 FOOD_CD
P108-014000300-0895,삼색 러브 파스타,중복 FOOD_CD
P108-014000300-0897,삼색 알파벳 파스타,중복 FOOD_CD
P108-014000300-0923,스파게티,중복 FOOD_CD
P108-014000300-0943,스파게티,중복 FOOD_CD
P108-014000300-0947,스파게티 500G,중복 FOOD_CD
P108-014000300-0963,스파게티니,중복 FOOD_CD
P108-014000300-1060,유기농 삼색 동물원 파스타,중복 FOOD_CD
P108-014000300-1085,제로트레 유기농 알파벳 채소 파스타,중복 FOOD_CD
P108-014000300-1171,파르팔레,중복 FOOD_CD
P108-014000300-1193,파케리,중복 FOOD_CD
P108-014000300-1208,페델리니,중복 FOOD_CD
P108-014000300-1221,페투치니,중복 FOOD_CD
P108-014000300-1247,펠리체티 유기농 삼색 스파게티,중복 FOOD_CD
P108-014000300-1277,푸실리 트리칼라,중복 FOOD_CD
P108-014000300-1290,프레스코 마카로니,중복 FOOD_CD
P108-014000300-1294,프레스코 페투치네,중복 FOOD_CD
P108-014000300-1296,프레스코 후실리,중복 FOOD_CD
P108-014000300-1315,곰표 마카로니,중복 FOOD_CD
P108-014000300-1316,구스토라 삼색 파스타,중복 FOOD_CD
P108-014000300-1325,듀럼 밀 세몰리나 프리미엄 파스타,중복 FOOD_CD
P108-014000300-1376,스파게티면,중복 FOOD_CD
P108-014000300-1382,앙카라삼색동물모양파스타,중복 FOOD_CD
P108-014000300-1427,그라노로 링귀니 스파게티,중복 FOOD_CD
P108-014000300-1443,루마케 리가테 (500g),중복 FOOD_CD
P108-014000300-1461,스파게티,중복 FOOD_CD
P108-014000300-1465,스파게티 (500G),중복 FOOD_CD
P108-014000300-1471,스파게티 1kg (CELLO),중복 FOOD_CD
P108-014000300-1472,스파게티 500G,중복 FOOD_CD
P108-014000300-1480,스파게티니 (5KG),중복 FOOD_CD
P108-014000300-1504,펜네 리가테 500G,중복 FOOD_CD
P108-014000300-1506,폰타나 이탈리아 펜네 리가테,중복 FOOD_CD
P108-014000300-1509,푸질리 (500g),중복 FOOD_CD
P108-014000300-1511,프레스코 스파게티(500g),중복 FOOD_CD
P108-014000300-1519,그라노로 데디카토 스파게토니,중복 FOOD_CD
P108-014000300-1529,링귀니 500g,중복 FOOD_CD
P108-014000300-1530,링귀니 500g,중복 FOOD_CD
P108-014000300-1531,링귀니 5KG,중복 FOOD_CD
P108-014000300-1551,스파게티니 (1KG),중복 FOOD_CD
P108-014000300-1552,스파게티니 (500G),중복 FOOD_CD
P108-014000300-1570,따그라텔레,중복 FOOD_CD
P108-014000300-1585,스파게티 1kg,중복 FOOD_CD
P108-014000300-1595,탄호 파스타,중복 FOOD_CD
P108-014000300-1597,파케리,중복 FOOD_CD
P108-014000300-1599,페투치네 5KG,중복 FOOD_CD
P108-014000300-1601,폰타나 이탈리아 유기농 스파게티,중복 FOOD_CD
P108-014000300-1602,폰타나 이탈리아 유기농 통밀 스파게티,중복 FOOD_CD
P108-014000300-1603,프레스코 스파게티(3kg),중복 FOOD_CD
P108-014000300-1652,트리칼라 푸실리,중복 FOOD_CD
P108-014000300-1654,페투치네(네스팅형태) 500g,중복 FOOD_CD
P109-102010200-3143,모들 대추생강청,중복 FOOD_CD
P109-102010200-3404,산가리아 녹차,중복 FOOD_CD
P109-102010200-3408,산가리아 홍차히메 로얄밀크티,중복 FOOD_CD
P109-102010200-3423,오이시 그린티 포도,중복 FOOD_CD
P109-102010200-3428,이치탄 그린티 허니 레몬,중복 FOOD_CD
P109-102010200-3451,흑당 버블 밀크티,중복 FOOD_CD
P109-102010200-3473,당신의 우롱차,중복 FOOD_CD
P109-102010200-3474,당신의 우롱차,중복 FOOD_CD
P109-102010200-3489,레몬향 그린티,중복 FOOD_CD
P109-102010200-3510,비타레몬티(250ml),중복 FOOD_CD
P109-102010200-3575,캉스푸 녹차,중복 FOOD_CD
P109-102010200-3576,캉스푸 말리밀차,중복 FOOD_CD
P109-102010200-3577,캉스푸 말리청차,중복 FOOD_CD
P109-102010200-3586,통일녹차,중복 FOOD_CD
P109-102010200-3661,동화속의 딸기,중복 FOOD_CD
P109-102010200-3674,모들 딸기청,중복 FOOD_CD
P109-102010200-3675,모들 블루베리청,중복 FOOD_CD
P109-102010200-4073,산가리아 자스민차,중복 FOOD_CD
P109-102010200-4075,소스로 테보톨 오리지널,중복 FOOD_CD
P109-102010200-4253,소스로 테보톨 오리지날,중복 FOOD_CD
P109-102010200-4257,아야타카 녹차(160ml),중복 FOOD_CD
P109-102010200-4294,차파이 미도우룽차,중복 FOOD_CD
P109-102010200-4311,happy사라수,중복 FOOD_CD
P109-102010200-4464,바이오맥스,중복 FOOD_CD
P109-102010200-4585,그린 티,중복 FOOD_CD
P109-102010200-4621,돌복숭아 발효액,중복 FOOD_CD
P109-102010200-4656,사또네 수세미 발효액,중복 FOOD_CD
P109-102010200-4677,수세미즙,중복 FOOD_CD
P109-102010200-4709,오이시 그린티 (허니레몬),중복 FOOD_CD
P109-102010200-4712,와송즙,중복 FOOD_CD
P109-102010200-4739,이정현 오미자청,중복 FOOD_CD
P109-102010200-4772,타이티밀크,중복 FOOD_CD
P109-102010200-4775,통일빙홍차,중복 FOOD_CD
P109-103010300-0005,검은콩호두아몬드율무차,중복 FOOD_CD
P109-103010300-0007,17곡 안동마차,중복 FOOD_CD
P109-103010300-0466,오르조,중복 FOOD_CD
P109-103010300-0559,디 오리지널 콤부차 프로바이오틱스 레몬라임,중복 FOOD_CD
P109-103010300-0562,디 오리지널 콤부차 프로바이오틱스 피치베리,중복 FOOD_CD
P109-103010300-0566,오리지널 밀크티,중복 FOOD_CD
P109-103010300-0604,그린분말 2153 KR/SI,중복 FOOD_CD
P109-103010300-0605,논산딸기라떼,중복 FOOD_CD
P109-103010300-0630,우지그린티파우더,중복 FOOD_CD
P109-103010300-0632,잉카 유기농 치커리 차,중복 FOOD_CD
P109-103010300-0633,잉카 유기농 클래식 차,중복 FOOD_CD
P109-103010300-0637,초당옥수수라떼,중복 FOOD_CD
P109-201020000-0035,MAXWELL HOUSE 스위트 아메리카노,중복 FOOD_CD
P109-201020000-0037,MAXWELL HOUSE 카페라떼,중복 FOOD_CD
P109-201020000-0368,칸타타카라멜마키아토,중복 FOOD_CD
P109-201020000-1045,아카페라 사이즈업 벤티 아메리카노,중복 FOOD_CD
P109-201020000-1046,아카페라 사이즈업 벤티 헤이즐넛 아메리카노,중복 FOOD_CD
P109-201020000-1418,칸타타프리미엄라떼,중복 FOOD_CD
P109-201020000-1732,블랙아메리카노,중복 FOOD_CD
P109-201020000-2272,유씨씨 밀크 커피,중복 FOOD_CD
P109-201020000-2273,유씨씨 블랙 콜드 브루,중복 FOOD_CD
P109-201020000-2298,뫼벤픽 카페 프레도 카푸치노,중복 FOOD_CD
P109-201020000-2491,칸타타스위트아메리카노,중복 FOOD_CD
P109-202020000-0303,G7커피믹스,중복 FOOD_CD
P109-202020000-0506,K-다방라떼,중복 FOOD_CD
P109-203020000-1165,네스프레소 버츄오 커피 플러스 액티브(sku7192.60),중복 FOOD_CD
P109-203020000-1166,네스프레소 버츄오 커피 플러스 진생 딜라이트 (sku7066.60),중복 FOOD_CD
P109-302030200-2799,퓨어 로즈힙 클렌즈 주스,중복 FOOD_CD
P109-302030200-4617,ABC 주스,중복 FOOD_CD
P109-302030200-4640,골드 메달 스파클링 애플 주스,중복 FOOD_CD
P109-302030200-4642,골드 메달 오르가닉 스파클링 애플주스,중복 FOOD_CD
P109-302030200-4676,노아 당근 사과 생강 베지주스,중복 FOOD_CD
P109-302030200-4677,노아 발렌시아 오렌지주스,중복 FOOD_CD
P109-302030200-4678,노아 사과 복숭아 키위 망고 라임주스,중복 FOOD_CD
P109-302030200-4680,노아 사과 비트루트 오렌지 당근 생강 베지주스,중복 FOOD_CD
P109-302030200-4682,노아 애플 바나나 리치 망고 주스 스무디,중복 FOOD_CD
P109-302030200-4683,노아 오렌지 애플 구아바 바나나 파인애플 포포열매 주스,중복 FOOD_CD
P109-302030200-4685,노아 후레쉬 크러쉬드 애플주스,중복 FOOD_CD
P109-302030200-4713,돈시몬 착즙 오렌지 주스(1L),중복 FOOD_CD
P109-302030200-4718,돈시몬 착즙 적포도 주스(2L),중복 FOOD_CD
P109-302030200-4755,르프롯 오렌지 착즙주스 (250 ML),중복 FOOD_CD
P109-302030200-4903,아마타임 저스트 애플 망고,중복 FOOD_CD
P109-302030200-4904,아마타임 저스트 애플 블루베리,중복 FOOD_CD
P109-302030200-4915,알랭 밀리아 클라우디 콕시스 애플 주스,중복 FOOD_CD
P109-302030200-4924,에콜로 유기농 레몬 주스,중복 FOOD_CD
P109-302030200-4925,에콜로 유기농 사과 주스,중복 FOOD_CD
P109-302030200-4927,에콜로 유기농 오렌지 주스,중복 FOOD_CD
P109-302030200-4980,유기농 퓨어코코넛워터,중복 FOOD_CD
P109-302030200-5036,코코넛워터,중복 FOOD_CD
P109-302030200-5038,코코넛워터,중복 FOOD_CD
P109-302030200-5058,클라우디 애플주스,중복 FOOD_CD
P109-302030200-5085,파너 유기농 멀티 골드 주스(1L),중복 FOOD_CD
P109-302030200-5086,파너 유기농 멀티 로쏘 주스(1L),중복 FOOD_CD
P109-302030200-5088,파너 유기농 착즙 당근주스(500ml),중복 FOOD_CD
P109-302030200-5160,핑크 자몽주스,중복 FOOD_CD
P109-302030200-5226,남홈 코코넛워터,중복 FOOD_CD
P109-302030200-5237,누디 오렌지주스,중복 FOOD_CD
P109-302030200-5243,돈 시몬 핑크 그레이프후룻 주스 (#635817),중복 FOOD_CD
P109-302030200-5245,돈시몬 착즙 애플 주스(1L),중복 FOOD_CD
P109-302030200-5262,마르티넬리 스파클링 애플주스 (#90105),중복 FOOD_CD
P109-302030200-5296,브로콜리 혼합주스(200 ml),중복 FOOD_CD
P109-302030200-5388,유기농 골드메달 애플주스,중복 FOOD_CD
P109-302030200-5473,클룹 트루 코코 100% 퓨어 코코넛 워터,중복 FOOD_CD
P109-302030200-5514,하이랜드 토마토주스,중복 FOOD_CD
P109-302030200-5812,HPP 수박주스,중복 FOOD_CD
P109-302030200-5821,리타 망고 믹스 주스,중복 FOOD_CD
P109-302030200-5823,리타 수박 믹스 주스,중복 FOOD_CD
P109-302030200-5833,쇼군 오렌지 주스(200 ml),중복 FOOD_CD
P109-302030200-5841,유기농 토마토 NFC 주스,중복 FOOD_CD
P109-302030200-5844,카르타 코코넛 워터(330ML),중복 FOOD_CD
P109-302030200-5867,그레시얼스 유기농 100% 석류주스,중복 FOOD_CD
P109-302030200-5986,야생블루베리 퓨레,중복 FOOD_CD
P109-302030200-6237,PHYTORIGIN 유기농 NFC 착즙 야생빌베리 100,중복 FOOD_CD
P109-302030200-6281,비타핑크파인,중복 FOOD_CD
P109-302030200-6299,와일드 하스카프 베리 NFC,중복 FOOD_CD
P109-303030300-0312,맛있게빠르다,중복 FOOD_CD
P109-303030300-0565,세븐복분자,중복 FOOD_CD
P109-303030300-0699,양배추 착즙,중복 FOOD_CD
P109-303030300-0859,자연은싱그런복숭아,중복 FOOD_CD
P109-303030300-1999,노니 플러스,중복 FOOD_CD
P109-303030300-2000,노아 사과 넥타린 코코넛워터 파인애플 앤 라임,중복 FOOD_CD
P109-303030300-2005,닝샤레드,중복 FOOD_CD
P109-303030300-2024,딸기 트위스트 앤 드링크,중복 FOOD_CD
P109-303030300-2027,라리 레몬,중복 FOOD_CD
P109-303030300-2088,모구모구 나타데코코 리치맛,중복 FOOD_CD
P109-303030300-2091,모구모구 리치맛,중복 FOOD_CD
P109-303030300-2094,모구모구 망고맛,중복 FOOD_CD
P109-303030300-2105,미스티카,중복 FOOD_CD
P109-303030300-2164,사과 트위스트 앤 드링크,중복 FOOD_CD
P109-303030300-2169,사리아슴,중복 FOOD_CD
P109-303030300-2191,썬라이트 사과맛,중복 FOOD_CD
P109-303030300-2192,썬라이트 포도맛,중복 FOOD_CD
P109-303030300-2217,오렌지 트위스트 앤 드링크,중복 FOOD_CD
P109-303030300-2223,오션스프레이 크랜베리 클래식,중복 FOOD_CD
P109-303030300-2261,컨츄리 쵸이스 잠부,중복 FOOD_CD
P109-303030300-2304,코코넛팜 코코넛음료,중복 FOOD_CD
P109-303030300-2362,프리즈 코코넛 주스 드링크,중복 FOOD_CD
P109-303030300-2375,헤이송구아바쥬스음료,중복 FOOD_CD
P109-303030300-2423,니코니코 망고맛,중복 FOOD_CD
P109-303030300-2440,랑거스 망고 넥타 (#1055226),중복 FOOD_CD
P109-303030300-2453,마하차녹 망고,중복 FOOD_CD
P109-303030300-2455,망고 넥타,중복 FOOD_CD
P109-303030300-2469,미스터초이스 코코넛밀크 바나나향 위드 나타데코코,중복 FOOD_CD
P109-303030300-2471,미스터초이스 코코넛밀크 오리지널 위드 나타데코코,중복 FOOD_CD
P109-303030300-2568,얼려먹는 망고 아이스바,중복 FOOD_CD
P109-303030300-2593,차바코코넛스무디,중복 FOOD_CD
P109-303030300-2664,패션 프루트 넥타 (#671491),중복 FOOD_CD
P109-303030300-2808,델몬트 파인애플-오렌지 쥬스,중복 FOOD_CD
P109-303030300-2811,라우치 망고 넥타,중복 FOOD_CD
P109-303030300-2812,랭거스 루비레드 자몽(1.89L),중복 FOOD_CD
P109-303030300-2823,유기농 딸기 레몬에이드 #1321809,중복 FOOD_CD
P109-303030300-2828,지나 필리핀레몬열매 쥬스,중복 FOOD_CD
P109-303030300-2836,타스코 영코코넛 드링크 위드 펄프,중복 FOOD_CD
P109-303030300-2837,타스코 영코코넛주스 위드 펄프,중복 FOOD_CD
P109-303030300-2843,후지야 복숭아,중복 FOOD_CD
P109-303030300-2846,골든써클 파인 망고 (1L),중복 FOOD_CD
P109-303030300-2852,로버츠 베리에 링곤베리 & 크랜베리,중복 FOOD_CD
P109-303030300-2854,로버츠 베리에 빌베리,중복 FOOD_CD
P109-303030300-2877,랭거스 크랜베리(1.89L),중복 FOOD_CD
P109-303030300-2880,르프룻비트구아바용과넥타 (5 L),중복 FOOD_CD
P109-303030300-2882,리치마티니(리치향 0.04% 함유),중복 FOOD_CD
P109-303030300-2901,싱가포르슬링,중복 FOOD_CD
P109-303030300-2902,알랭 밀리아 센가나 스트로베리 넥터,중복 FOOD_CD
P109-401040100-0889,클룹 제로소다 청사과,중복 FOOD_CD
P109-401040100-0991,핫식스,중복 FOOD_CD
P109-401040100-1049,클룹 제로소다 소다맛,중복 FOOD_CD
P109-401040100-1267,라무네 오리지널,중복 FOOD_CD
P109-401040100-1276,레드불 퍼플 에디션,중복 FOOD_CD
P109-401040100-1321,멜론소다음료,중복 FOOD_CD
P109-401040100-1365,분다버그 레몬 라임 앤 비터스,중복 FOOD_CD
P109-401040100-1367,분다버그 트레디셔널 레몬에이드,중복 FOOD_CD
P109-401040100-1368,분다버그 트로피칼 망고,중복 FOOD_CD
P109-401040100-1369,분다버그 핑크 그레이프프루트,중복 FOOD_CD
P109-401040100-1391,산펠레그리노 리모나타 (200ml),중복 FOOD_CD
P109-401040100-1392,산펠레그리노 폼펠모(자몽) (200ml),중복 FOOD_CD
P109-401040100-1434,싱하레몬소다,중복 FOOD_CD
P109-401040100-1439,쎄시유기농스파클링애플주스(330ml),중복 FOOD_CD
P109-401040100-1460,에스프리 블루베리,중복 FOOD_CD
P109-401040100-1544,진라보,중복 FOOD_CD
P109-401040100-1568,크레용 신짱 라무네,중복 FOOD_CD
P109-401040100-1569,크레용 신짱 멜론향 라무네,중복 FOOD_CD
P109-401040100-1570,크레용 신짱 파인애플향 라무네,중복 FOOD_CD
P109-401040100-1658,후루사토라무네,중복 FOOD_CD
P109-401040100-1697,뉴설원로(오렌지향),중복 FOOD_CD
P109-401040100-1719,라무네 캔,중복 FOOD_CD
P109-401040100-1761,리무스 리치 펄,중복 FOOD_CD
P109-401040100-1830,분다버그 진저비어,중복 FOOD_CD
P109-401040100-1831,분다버그 트레디셔널 레몬에이드,중복 FOOD_CD
P109-401040100-1840,비다 제로 스파클링 드링크 유자향,중복 FOOD_CD
P109-401040100-1862,소라이로 콜라향,중복 FOOD_CD
P109-401040100-1895,아리조나 체리 라임 스파클링,중복 FOOD_CD
P109-401040100-1954,전전 리치맛 탄산음료,중복 FOOD_CD
P109-401040100-2014,트레드소프틀리 논알콜 블랑 드 블랑,중복 FOOD_CD
P109-401040100-2056,하리토스 구아바,중복 FOOD_CD
P109-401040100-2059,하리토스 만다린,중복 FOOD_CD
P109-401040100-2061,하리토스 자몽,중복 FOOD_CD
P109-401040100-2204,산 펠레그리노 아란시아타 (오렌지) (200ml),중복 FOOD_CD
P109-401040100-2232,스파클링 드래곤펄 자스민티,중복 FOOD_CD
P109-401040100-2261,노제코 논알콜릭 로제 스파클링,중복 FOOD_CD
P109-401040100-2262,노제코 논알콜릭 화이트 스파클링,중복 FOOD_CD
P109-401040100-2270,스파클링 화이트피치 베르가모트 얼그레이,중복 FOOD_CD
P109-401040100-2335,오늘좋은 그린애플 스파클링 제로,중복 FOOD_CD
P109-401040100-2469,산펠레그리노 폼펠모(자몽) (330ml),중복 FOOD_CD
P109-401040100-2474,스파클링 라임,중복 FOOD_CD
P109-401040100-2475,스파클링 레몬,중복 FOOD_CD
P109-401040100-2476,스파클링 자몽,중복 FOOD_CD
P109-401040100-2477,스파클링 청포도,중복 FOOD_CD
P109-402040200-0049,오타키리 932,중복 FOOD_CD
P109-402040200-0098,산펠레그리노 (750ml),중복 FOOD_CD
P109-402040200-0103,에비앙 스파클링 / 330ml,중복 FOOD_CD
P109-402040200-0110,산 베네데토 탄산수,중복 FOOD_CD
P109-500050200-0464,기꼬만 바나나맛 두유 200ML,중복 FOOD_CD
P109-500050200-0488,기꼬만 바리스타 두유 1L,중복 FOOD_CD
P109-500050200-0496,두유,중복 FOOD_CD
P109-500050200-0575,기꼬만 카라멜향 두유,중복 FOOD_CD
P109-600060300-0436,피노 누아,중복 FOOD_CD
P109-601060100-0329,탄,중복 FOOD_CD
P109-602060200-0012,막심,중복 FOOD_CD
P109-801080100-0254,닥터유 프로 드링크 단백질 초코,중복 FOOD_CD
P109-801080100-0938,아침햇살아몬드&땅콩,중복 FOOD_CD
P109-801080100-1240,자연은싱그런청포도,중복 FOOD_CD
P109-801080100-2053,힙스 포타나ORS,중복 FOOD_CD
P109-801080100-2095,광동메모리 365 실크알부민양태반프리미엄,중복 FOOD_CD
P109-801080100-2894,레몬 콜라겐 스틱,중복 FOOD_CD
P109-801080100-3168,햇빛찬란 단호박 전통식혜,중복 FOOD_CD
P109-801080100-3169,햇빛찬란 새싹인삼 전통식혜,중복 FOOD_CD
P109-801080100-4355,라임주스맛음료,중복 FOOD_CD
P109-801080100-4394,모구모구 나타데코코 복숭아향 드링크,중복 FOOD_CD
P109-801080100-4396,모구모구 나타데코코 요거트맛 드링크,중복 FOOD_CD
P109-801080100-4412,모구모구 요거트향 드링크,중복 FOOD_CD
P109-801080100-4434,바질씨드 드링크 리치향,중복 FOOD_CD
P109-801080100-4438,바질씨드 드링크 망고향,중복 FOOD_CD
P109-801080100-4440,바질씨드 드링크 백포도향,중복 FOOD_CD
P109-801080100-4490,산가리아 마로야카 바나나우유맛,중복 FOOD_CD
P109-801080100-4542,아이스 롤리 요구르트,중복 FOOD_CD
P109-801080100-4572,오트사이드 귀리음료 오리지널(200ML),중복 FOOD_CD
P109-801080100-4601,원더팜 버드네스트음료,중복 FOOD_CD
P109-801080100-4612,웰 바질시드 드링크 블루베리향,중복 FOOD_CD
P109-801080100-4613,웰 바질시드 드링크 패션푸르트향,중복 FOOD_CD
P109-801080100-4666,카라바오 에너지드링크,중복 FOOD_CD
P109-801080100-4714,파워오투 애플 키위향,중복 FOOD_CD
P109-801080100-4715,파워오투 오렌지 레몬향,중복 FOOD_CD
P109-801080100-4743,하이네켄 넌 알콜릭_330ML_CAN,중복 FOOD_CD
P109-801080100-4744,하이네켄 넌 알콜릭_500ML_CAN,중복 FOOD_CD
P109-801080100-4817,리퀴드 젤 사과향,중복 FOOD_CD
P109-801080100-4840,모구모구 나타데코코 제로슈가 트로피칼딜라이트 플래버 드링크,중복 FOOD_CD
P109-801080100-4856,바질시드 드링크 리치향,중복 FOOD_CD
P109-801080100-4857,바질시드 드링크 망고향,중복 FOOD_CD
P109-801080100-4908,쏘굿 아몬드 언스위트,중복 FOOD_CD
P109-801080100-4909,쏘굿 아몬드 오리지널,중복 FOOD_CD
P109-801080100-4941,오트커피,중복 FOOD_CD
P109-801080100-4992,청슈이구음핀,중복 FOOD_CD
P109-801080100-5031,통일오렌지음료,중복 FOOD_CD
P109-801080100-5109,마시면 당차,중복 FOOD_CD
P109-801080100-5401,밀크세라마이드 콜라겐 10000,중복 FOOD_CD
P109-801080100-5520,매트유기농파로음료,중복 FOOD_CD
P109-801080100-5521,모구모구 복숭아맛 - 복숭아향 0.1% 함유,중복 FOOD_CD
P109-801080100-5522,모구모구 복숭아향 드링크,중복 FOOD_CD
P109-801080100-5526,산가리아 나타데코코 백포도,중복 FOOD_CD
P109-801080100-5527,산가리아 나타데코코 복숭아,중복 FOOD_CD
P109-801080100-5528,산가리아 나타데코코 파인애플,중복 FOOD_CD
P109-801080100-5529,산가리아 마로야카 딸기밀크맛,중복 FOOD_CD
P109-801080100-5532,스폰스,중복 FOOD_CD
P109-801080100-5575,모구모구 복숭아향,중복 FOOD_CD
P109-801080100-5606,오틀리 오트 드링크 바리스타 에디션,중복 FOOD_CD
P109-801080100-5647,리퀴드 에너지 (커피맛),중복 FOOD_CD
P109-801080100-5648,리퀴드 에너지(딸기&바나나맛),중복 FOOD_CD
P109-801080100-5649,리퀴드 에너지(레몬에이드맛),중복 FOOD_CD
P109-801080100-5650,리퀴드 에너지(오렌지맛),중복 FOOD_CD
P109-801080100-5775,익스트림 이온젤,중복 FOOD_CD
P109-801080100-5889,위고샷,중복 FOOD_CD
P109-801080100-5890,위고샷 액상,중복 FOOD_CD
P109-801080100-6027,아오지루새싹보리 & ABC 콜라겐 젤리스틱,중복 FOOD_CD
P109-801080100-6051,연서네 식혜,중복 FOOD_CD
P109-801080100-6083,쿵푸팬더 프로틴 리치초코맛,중복 FOOD_CD
P109-801080100-6100,포도 & 오렌지 콜라겐 젤리스틱,중복 FOOD_CD
P109-802080200-0409,소.상어 콘드로이친 1200 타히보 플러스,중복 FOOD_CD
P109-802080200-2086,비타글로우하이글루타치온C더블,중복 FOOD_CD
P109-802080200-2440,아이시믹스 복숭아맛,중복 FOOD_CD
P109-802080200-2461,오렌지농축액,중복 FOOD_CD
P109-802080200-2473,이에이알파,중복 FOOD_CD
P109-802080200-2475,자몽농축액,중복 FOOD_CD
P109-802080200-2500,콜롬보 위스키향 시럽,중복 FOOD_CD
P109-802080200-2527,패션후르츠 농축액,중복 FOOD_CD
P109-802080200-2683,코코판단 시럽 라사,중복 FOOD_CD
P109-802080200-2699,파이토믹스 체리라임맛,중복 FOOD_CD
P109-802080200-2879,채우다1987 맥주효모 비오틴,중복 FOOD_CD
P109-802080200-3170,마이프로틴 임팩트 웨이 흑당밀크티향,중복 FOOD_CD
P109-802080200-3189,카보퓨엘,중복 FOOD_CD
P109-802080200-3193,클라우디 레몬 시럽,중복 FOOD_CD
P109-802080200-3360,리셋:스틱,중복 FOOD_CD
P109-802080200-3367,바이올렉스 Violex,중복 FOOD_CD
P109-802080200-3375,사티젠,중복 FOOD_CD
P109-802080200-3403,코지하우스 딸기베이스,중복 FOOD_CD
P110-300030000-0068,후디스 산양유아식 시그니처,중복 FOOD_CD
P110-400040000-0532,중기1 고구마대추죽,중복 FOOD_CD
P110-400040000-2204,감자시금치죽,중복 FOOD_CD
P110-400040000-2243,현미닭가슴영양밥,중복 FOOD_CD
P110-400040000-2247,닭가슴고구마귀리밥,중복 FOOD_CD
P110-400040000-2250,닭가슴근대기장죽,중복 FOOD_CD
P110-400040000-2256,닭가슴뉴그린단호박영양밥,중복 FOOD_CD
P110-400040000-2273,배추닭가슴죽,중복 FOOD_CD
P110-400040000-2274,병아리콩닭가슴무른밥,중복 FOOD_CD
P110-400040000-2293,애호박기장닭가슴무른밥,중복 FOOD_CD
P110-400040000-2294,닭가슴애호박김가루밥,중복 FOOD_CD
P110-400040000-2296,보리애호박닭가슴영양밥,중복 FOOD_CD
P110-400040000-2300,양배추브로콜리닭가슴죽,중복 FOOD_CD
P110-400040000-2313,흑미주키니닭가슴무른밥,중복 FOOD_CD
P110-400040000-2315,청경채닭가슴밥,중복 FOOD_CD
P110-400040000-2326,닭가슴현미근대죽,중복 FOOD_CD
P110-400040000-2397,돈육애호박적채영양밥,중복 FOOD_CD
P110-400040000-2404,주키니래디쉬돈육영양밥,중복 FOOD_CD
P110-400040000-2411,팽이된장돈육밥,중복 FOOD_CD
P110-400040000-2427,버섯감자무른밥,중복 FOOD_CD
P110-400040000-2509,참치야채영양밥,중복 FOOD_CD
P110-400040000-2581,한우단호박청경채무른밥,중복 FOOD_CD
P110-400040000-2609,현미한우무른밥,중복 FOOD_CD
P110-400040000-2613,한우보리청경채죽,중복 FOOD_CD
P110-400040000-2615,흑미부추한우무른밥,중복 FOOD_CD
P110-400040000-2616,한우부추흑미영양밥,중복 FOOD_CD
P110-400040000-2619,블루베리한우밥,중복 FOOD_CD
P110-400040000-2621,한우비타민감자죽,중복 FOOD_CD
P110-400040000-2627,한우비타민수수무른밥,중복 FOOD_CD
P110-400040000-2637,한우새송이당근영양밥,중복 FOOD_CD
P110-400040000-2644,한우수수양배추밥,중복 FOOD_CD
P110-400040000-2674,한우양송이감자죽,중복 FOOD_CD
P110-400040000-2689,한우오이콜리무른밥,중복 FOOD_CD
P110-400040000-2693,적채오트밀한우밥,중복 FOOD_CD
P110-400040000-2708,한우적채무죽,중복 FOOD_CD
P110-400040000-2718,한우청경채콜리죽,중복 FOOD_CD
P110-400040000-2722,한우치즈감자무른밥,중복 FOOD_CD
P110-400040000-2727,한우콜리비트밥,중복 FOOD_CD
P110-400040000-2728,한우콜리플라워녹미밥,중복 FOOD_CD
P110-400040000-2862,키위 인 페어 바나나,중복 FOOD_CD
P110-400040000-3134,새우미역무른밥,중복 FOOD_CD
P110-400040000-3338,시금치팽이닭가슴무른밥,중복 FOOD_CD
P110-500050000-0131,트루플레니쉬™바닐라향,중복 FOOD_CD
P112-004000400-0153,기꼬만 염분 낮춘 간장,중복 FOOD_CD
P112-004000400-0157,기시보리간장,중복 FOOD_CD
P112-004000400-0181,사시미타마리 쇼유,중복 FOOD_CD
P112-004000400-0192,야마사 스탠다드 소이소스,중복 FOOD_CD
P112-004000400-0199,우마구치 양조간장(1.8L),중복 FOOD_CD
P112-004000400-0207,타마리간장,중복 FOOD_CD
P112-004000400-0215,해산물용 간장 1.6L,중복 FOOD_CD
P112-004000400-0219,해천 금표생추(정선판),중복 FOOD_CD
P112-004000400-0229,히게타 코이쿠치 간장,중복 FOOD_CD
P112-004000400-0233,고이구찌,중복 FOOD_CD
P112-004000400-0266,우수쿠치 쇼유 (1.8L) (34-432),중복 FOOD_CD
P112-004000400-0277,타마리 쇼유(33-029),중복 FOOD_CD
P112-004000400-0313,미극선간장,중복 FOOD_CD
P112-004000400-0318,야마사 소이소스 1.8L,중복 FOOD_CD
P112-004000400-0320,야마사우스구찌 18L,중복 FOOD_CD
P112-004000400-0323,오히타치 간장,중복 FOOD_CD
P112-004000400-0330,해천 시그니처 노추왕 간장,중복 FOOD_CD
P112-004000400-0334,사시미간장,중복 FOOD_CD
P112-004000400-0343,해천 시그니처 노추왕 간장 500ML,중복 FOOD_CD
P112-004000400-0381,히가쉬마루 우수쿠치 (1.8L),중복 FOOD_CD
P112-006001200-0012,후쿠오카후쿠요카소립낫또,중복 FOOD_CD
P112-006001200-0015,낫또튜브(NATTO TUBE),중복 FOOD_CD
P112-009000900-0293,코메코시 신슈,중복 FOOD_CD
P112-009000900-0294,쿄사쿠라미소,중복 FOOD_CD
P112-009000900-0296,토모에 이나카 미소 시로코시,중복 FOOD_CD
P112-009000900-0307,총반려첨면장,중복 FOOD_CD
P112-009000900-0308,토모에 무텐카 미소 쿠라시코미,중복 FOOD_CD
P112-009000900-0310,히카리 미소 시로코시,중복 FOOD_CD
P112-013001300-0415,다시이리 프로아카 미소,중복 FOOD_CD
P112-013001300-0417,료테이노 아지 375g,중복 FOOD_CD
P112-013001300-0419,마루코메쿤 아와세,중복 FOOD_CD
P112-013001300-0478,오오시나노 다시이리 시로,중복 FOOD_CD
P112-013001300-0526,마쓰야 아까다시코우지,중복 FOOD_CD
P112-013001300-0527,마쓰야 코시코우지,중복 FOOD_CD
P113-101010100-0263,친키앙 비네거,중복 FOOD_CD
P113-101010100-0287,꼰디멘또 비안꼬 30,중복 FOOD_CD
P113-101010100-0297,라오천추,중복 FOOD_CD
P113-101010100-0360,유기농 발사믹 식초 (베르가모트),중복 FOOD_CD
P113-101010100-0388,유기농 화이트 와인 비니거,중복 FOOD_CD
P113-101010100-0405,준마이 쌀식초,중복 FOOD_CD
P113-101010100-0422,폰티 레드 와인식초(5L),중복 FOOD_CD
P113-101010100-0451,고야 발사믹 식초,중복 FOOD_CD
P113-101010100-0455,라 카라벨라 유기농 모데나 발사믹 식초 IGP,중복 FOOD_CD
P113-101010100-0472,쉐리 비네거,중복 FOOD_CD
P113-101010100-0572,무씨니 무화과 앤 대추야자 발사믹식초,중복 FOOD_CD
P113-101010100-0586,아가조티 모데나 아이.지.피 발사믹 식초-빈냐도로,중복 FOOD_CD
P113-101010100-0604,콘디멘토 비앙코,중복 FOOD_CD
P113-101010100-0635,구에르조니 유기농 발사믹 아이지피 오로,중복 FOOD_CD
P113-101010100-0669,식초,중복 FOOD_CD
P113-101010100-0675,아체타이아 레아레 발사믹식초 실버 8,중복 FOOD_CD
P113-201020100-0457,에비 차항노 모토,중복 FOOD_CD
P113-201020100-0458,에스비 토로케루 하야시,중복 FOOD_CD
P113-201020100-0463,유자시즈닝,중복 FOOD_CD
P113-201020100-0464,이금기치킨파우더,중복 FOOD_CD
P113-201020100-0504,밍글 에브리씽 베이글 시즈닝,중복 FOOD_CD
P113-201020100-0512,백탕 훠궈소스,중복 FOOD_CD
P113-201020100-0521,스시노코,중복 FOOD_CD
P113-201020100-0526,에스비 테이스티 브라운 스튜,중복 FOOD_CD
P113-201020100-0574,우린 멸치디포리,중복 FOOD_CD
P113-201020100-0628,크노르 크리미 머쉬룸 소스 믹스,중복 FOOD_CD
P113-201020100-0637,나가타니엔 후리가케 매운명란맛,중복 FOOD_CD
P113-201020100-0652,산타마리아 딥 믹스 과카몰리 시즈닝,중복 FOOD_CD
P113-201020100-0695,스파이시 누들 스프 파우더,중복 FOOD_CD
P113-201020100-0711,카르멘시타 씨푸드 빠에야 시즈닝,중복 FOOD_CD
P113-201020100-0796,육수여행 진한맛,중복 FOOD_CD
P113-201020100-0804,종가육수 진한맛,중복 FOOD_CD
P113-201020100-0856,라찍 아얌 고랭 럼빠,중복 FOOD_CD
P113-201020100-0863,루스티칼,중복 FOOD_CD
P113-201020100-0874,붐부 나시고렝,중복 FOOD_CD
P113-201020100-0875,붐부 라찍 땜빼 고랭,중복 FOOD_CD
P113-201020100-0876,붐부 템페앤타후 고렝,중복 FOOD_CD
P113-201020100-0894,순선 치킨 조미료,중복 FOOD_CD
P113-201020100-0917,인도푸드 붐부 라찍나시고랭 엑스트라 뻐다스,중복 FOOD_CD
P113-201020100-0930,크노르 시니강 사 삼파록 믹스 가비,중복 FOOD_CD
P113-201020100-0931,크노르 시니강 사 삼파록 믹스 오리지널,중복 FOOD_CD
P113-201020100-0946,핫넵투티,중복 FOOD_CD
P113-201020100-0948,핫넵투티(170g),중복 FOOD_CD
P113-201020400-0017,산쇼 카라미소라멘스프,중복 FOOD_CD
P113-201020400-0051,탄탄멘스프,중복 FOOD_CD
P113-202020200-0068,하인즈 굿 마요네즈(295ml),중복 FOOD_CD
P113-202020200-0076,비렌버그 팜하우스 마요네즈,중복 FOOD_CD
P113-202020200-0108,큐피 마요네즈 450g,중복 FOOD_CD
P113-202020200-0113,크래프트 아보카도 오일 마요(354ml),중복 FOOD_CD
P113-202020200-0119,하인즈 지방을 50% 줄인 굿 마요네즈 (485ml),중복 FOOD_CD
P113-203020300-0100,하인즈 토마토 케찹(650g),중복 FOOD_CD
P113-203020300-0101,라셀바 유기농 토마토 케첩 데이 피콜리,중복 FOOD_CD
P113-205020400-0332,니혼 드레싱,중복 FOOD_CD
P113-205020400-0348,아라비키 골든 참깨 드레싱,중복 FOOD_CD
P113-205020400-0391,큐피 딥 로스티드 참깨 드레싱 1000ML,중복 FOOD_CD
P113-205020400-0515,참깨 크리미 드레싱,중복 FOOD_CD
P113-206020400-3473,동치미냉면육수,중복 FOOD_CD
P113-206020400-4659,계란에 뿌리는 간장소스 연한 단맛,중복 FOOD_CD
P113-206020400-4717,돈부리노타레 에스에이치,중복 FOOD_CD
P113-206020400-4728,라구 갈릭 파마산 치즈소스,중복 FOOD_CD
P113-206020400-4732,라구 어니언 앤 갈릭 청키 소스,중복 FOOD_CD
P113-206020400-4739,라코스테냐 살사소스 매운맛,중복 FOOD_CD
P113-206020400-4740,라코스테냐 살사소스 중간매운맛,중복 FOOD_CD
P113-206020400-4742,라코스테냐 치포틀레 페퍼(199g),중복 FOOD_CD
P113-206020400-4758,로이타이 똠얌 수프,중복 FOOD_CD
P113-206020400-4783,만토바 선드라이 토마토 페이스트,중복 FOOD_CD
P113-206020400-4804,모리타 스키야키 와리시타,중복 FOOD_CD
P113-206020400-4820,미쯔칸 3배쯔유,중복 FOOD_CD
P113-206020400-4826,바실리코 스파게티소스,중복 FOOD_CD
P113-206020400-4844,버터 마요 간장 소스,중복 FOOD_CD
P113-206020400-4884,블랙트러플소스,중복 FOOD_CD
P113-206020400-4894,비프소스 오리지날,중복 FOOD_CD
P113-206020400-4917,소바가게 소바쯔유,중복 FOOD_CD
P113-206020400-4937,수리 호이신 소스,중복 FOOD_CD
P113-206020400-4941,순즈마장,중복 FOOD_CD
P113-206020400-4944,스시스,중복 FOOD_CD
P113-206020400-4947,스위트 칠리 소스,중복 FOOD_CD
P113-206020400-4950,스키야끼타레,중복 FOOD_CD
P113-206020400-4960,시로쯔유 1.8L,중복 FOOD_CD
P113-206020400-4980,아라비아타 스파게티소스,중복 FOOD_CD
P113-206020400-4983,아리아케 봉황 시오라멘,중복 FOOD_CD
P113-206020400-4984,아리아케 탄탄멘스프,중복 FOOD_CD
P113-206020400-4997,안젤라미아 폴리 프리페어드 피자소스,중복 FOOD_CD
P113-206020400-5001,액상치킨스톡,중복 FOOD_CD
P113-206020400-5006,야마사 다시마쯔유,중복 FOOD_CD
P113-206020400-5020,에이원 스테이크 소스,중복 FOOD_CD
P113-206020400-5021,엑소틱 푸드 월남쌈 소스,중복 FOOD_CD
P113-206020400-5027,오렌지 양파 소스,중복 FOOD_CD
P113-206020400-5028,오로시 샤브샤브 타래,중복 FOOD_CD
P113-206020400-5081,유자 소스,중복 FOOD_CD
P113-206020400-5084,유자폰즈,중복 FOOD_CD
P113-206020400-5090,이금기 황두장,중복 FOOD_CD
P113-206020400-5102,중화검은콩소스,중복 FOOD_CD
P113-206020400-5103,중화고추마늘소스,중복 FOOD_CD
P113-206020400-5105,중화마늘콩소스,중복 FOOD_CD
P113-206020400-5108,중화바베큐소스(중화챠슈소스),중복 FOOD_CD
P113-206020400-5109,중화조림소스,중복 FOOD_CD
P113-206020400-5127,촐룰라 핫소스 오리지널(150ml),중복 FOOD_CD
P113-206020400-5133,치킨 야채 스톡,중복 FOOD_CD
P113-206020400-5141,칠리소스,중복 FOOD_CD
P113-206020400-5143,카메야 와사비 드레싱용 소스,중복 FOOD_CD
P113-206020400-5146,카바야끼소스,중복 FOOD_CD
P113-206020400-5147,카이센동용 타레 소스 (해산물 돈부리용 소스),중복 FOOD_CD
P113-206020400-5156,코이쿠치(야마구치 사시미),중복 FOOD_CD
P113-206020400-5195,타바스코스리라차소스,중복 FOOD_CD
P113-206020400-5235,팬더굴소스,중복 FOOD_CD
P113-206020400-5238,페스토 알라 제노비스,중복 FOOD_CD
P113-206020400-5258,프리미엄굴소스,중복 FOOD_CD
P113-206020400-5278,피카이치 농후가쓰오다시,중복 FOOD_CD
P113-206020400-5297,하인즈 스파게티 토마토 비프 소스,중복 FOOD_CD
P113-206020400-5302,하인즈 칠리맛 소스,중복 FOOD_CD
P113-206020400-5307,하인즈 피자 소스,중복 FOOD_CD
P113-206020400-5315,해선장 소스,중복 FOOD_CD
P113-206020400-5349,훠궈마라탕소스,중복 FOOD_CD
P113-206020400-5369,계란에 뿌리는 간장소스,중복 FOOD_CD
P113-206020400-5402,기꼬만 돈까스 소스,중복 FOOD_CD
P113-206020400-5420,나폴레타나 스파게티소스,중복 FOOD_CD
P113-206020400-5453,돈까스 소스,중복 FOOD_CD
P113-206020400-5474,라구 올드 월드 스타일 트레디셔널 소스 [#272958],중복 FOOD_CD
P113-206020400-5475,라구 청키 머쉬룸소스,중복 FOOD_CD
P113-206020400-5476,라구 트레디셔널 소스,중복 FOOD_CD
P113-206020400-5480,라셀바 살사 콘타디나,중복 FOOD_CD
P113-206020400-5481,라오 마리나라 소스 (#1234826),중복 FOOD_CD
P113-206020400-5545,마파소스,중복 FOOD_CD
P113-206020400-5555,만토바 화이트 글레이즈,중복 FOOD_CD
P113-206020400-5572,모데나 발사믹 식초를 베이스로 한 크림,중복 FOOD_CD
P113-206020400-5591,미달미 총유장,중복 FOOD_CD
P113-206020400-5604,바질 페스토,중복 FOOD_CD
P113-206020400-5606,바질 페스토,중복 FOOD_CD
P113-206020400-5659,비 트러플 블랙 트러플 소스,중복 FOOD_CD
P113-206020400-5676,새우맛 훠궈소스,중복 FOOD_CD
P113-206020400-5730,스파이시 즈마장,중복 FOOD_CD
P113-206020400-5749,쓰리라차 칠리 소스,중복 FOOD_CD
P113-206020400-5767,아마즈 앙카케 타레 소스,중복 FOOD_CD
P113-206020400-5770,아세토발사믹글레이즈,중복 FOOD_CD
P113-206020400-5792,야생염부추소스,중복 FOOD_CD
P113-206020400-5813,오꼬노미 소스,중복 FOOD_CD
P113-206020400-5816,오리지널 후무스,중복 FOOD_CD
P113-206020400-5817,오리지널 후무스 앤 피타칩스,중복 FOOD_CD
P113-206020400-5829,와타나베 토쿠세이 다래,중복 FOOD_CD
P113-206020400-5834,완화 조미소스,중복 FOOD_CD
P113-206020400-5844,우동쯔유 1.8 L,중복 FOOD_CD
P113-206020400-5880,이베이직 야끼니쿠노타레,중복 FOOD_CD
P113-206020400-5884,이카리 오사카풍 오꼬노미 소스,중복 FOOD_CD
P113-206020400-5903,즈마장,중복 FOOD_CD
P113-206020400-5937,카라멜라이즈 어니언 후무스 앤 피타칩스,중복 FOOD_CD
P113-206020400-5967,큐피 빵공방 콘마요,중복 FOOD_CD
P113-206020400-5969,큐피 빵공방 튜나마요,중복 FOOD_CD
P113-206020400-5970,큐피 타르타르 소스,중복 FOOD_CD
P113-206020400-5972,크러쉬드오이용소스,중복 FOOD_CD
P113-206020400-5978,타르타르 소스,중복 FOOD_CD
P113-206020400-5998,탕화쿵푸마라향궈,중복 FOOD_CD
P113-206020400-6004,토마토 앤 바질 소스,중복 FOOD_CD
P113-206020400-6006,토마토 앤 페페론치노 소스,중복 FOOD_CD
P113-206020400-6010,토마토훠궈베이스,중복 FOOD_CD
P113-206020400-6065,프루닐 토마토 퓨레,중복 FOOD_CD
P113-206020400-6090,하인즈 아라 지코미 데미 그라스 소스,중복 FOOD_CD
P113-206020400-6096,하치 타푸리 갈릭토마토 소스,중복 FOOD_CD
P113-206020400-6097,하치 타푸리 나폴리탄 소스,중복 FOOD_CD
P113-206020400-6130,혼미린 맛술,중복 FOOD_CD
P113-206020400-6134,홀그레인머스타드 210g,중복 FOOD_CD
P113-206020400-6148,화풍다시,중복 FOOD_CD
P113-206020400-6779,와사비스테이크소스,중복 FOOD_CD
P113-206020400-6940,돈코츠라멘 스프,중복 FOOD_CD
P113-206020400-6952,마라탕 소스 (220g),중복 FOOD_CD
P113-206020400-6970,베르톨리 토마토 앤 바질 소스,중복 FOOD_CD
P113-206020400-6983,샤브샤브 매콤육수,중복 FOOD_CD
P113-206020400-6996,스키야키 다래,중복 FOOD_CD
P113-206020400-7004,시오라멘 스프,중복 FOOD_CD
P113-206020400-7014,야마사 다시마 쯔유,중복 FOOD_CD
P113-206020400-7020,엑스오 소스,중복 FOOD_CD
P113-206020400-7026,오코노미 소스 200g,중복 FOOD_CD
P113-206020400-7056,타르투피나 블랙 트러플 페이스트 (500g),중복 FOOD_CD
P113-206020400-7069,포미 파스타 소스 나폴레타나,중복 FOOD_CD
P113-206020400-7078,피넛 월남쌈 소스,중복 FOOD_CD
P113-206020400-7079,하인즈 데미 그라스 소스,중복 FOOD_CD
P113-206020400-7083,하인즈 클래시코 바질 페스토,중복 FOOD_CD
P113-206020400-7178,몬 스위트 칠리 소스(5L),중복 FOOD_CD
P113-206020400-7212,산타마리아 청키 살사소스 핫,중복 FOOD_CD
P113-206020400-7226,수리 팟 타이 소스(295ML),중복 FOOD_CD
P113-206020400-7247,야키이지 블랙페퍼 소스(야키니쿠용),중복 FOOD_CD
P113-206020400-7257,오이탕탕이용 소스,중복 FOOD_CD
P113-206020400-7265,우동츠유,중복 FOOD_CD
P113-206020400-7289,중화해선장(호이신소스)-2kg,중복 FOOD_CD
P113-206020400-7304,카바야키노 다래,중복 FOOD_CD
P113-206020400-7318,포르치니 버섯 소스 (#658313),중복 FOOD_CD
P113-206020400-7328,하인즈 칠리맛 소스 (3.23kg),중복 FOOD_CD
P113-206020400-7390,니혼오뎅다시 2kg,중복 FOOD_CD
P113-206020400-7394,돼지고기 생강구이용 소스,중복 FOOD_CD
P113-206020400-7416,마라탕 소스 (110g),중복 FOOD_CD
P113-206020400-7508,스위트 칠리소스,중복 FOOD_CD
P113-206020400-7555,유가 청유 디랴오,중복 FOOD_CD
P113-206020400-7563,장어구이용소스,중복 FOOD_CD
P113-206020400-7581,츠유(200ml),중복 FOOD_CD
P113-206020400-7582,칠리 인 오일 포 똠얌,중복 FOOD_CD
P113-206020400-7589,커클랜드 시그니춰 유기농 마리나라 소스 (#1280801),중복 FOOD_CD
P113-206020400-7604,토스티토스 미디움 살사소스,중복 FOOD_CD
P113-206020400-7605,통딩 혼합즈마장,중복 FOOD_CD
P113-206020400-7642,홍유비현 두우반,중복 FOOD_CD
P113-206020400-7744,보감참치액,중복 FOOD_CD
P113-206020400-8006,볶음용간장소스,중복 FOOD_CD
P113-206020400-8040,스위트 & 데리야끼 버거소스,중복 FOOD_CD
P113-206020400-8164,핫마라소스,중복 FOOD_CD
P113-206020400-8235,가츠오쯔유 2kg,중복 FOOD_CD
P113-206020400-8241,계란에 뿌리는 간장소스(150ML),중복 FOOD_CD
P113-206020400-8253,굴소스,중복 FOOD_CD
P113-206020400-8255,굴소스,중복 FOOD_CD
P113-206020400-8287,니혼돈부리소스 2KG,중복 FOOD_CD
P113-206020400-8412,부대찌개양념,중복 FOOD_CD
P113-206020400-8425,블랙트러플 파테 (500G),중복 FOOD_CD
P113-206020400-8449,샤브샤브 참깨 소스,중복 FOOD_CD
P113-206020400-8473,쇼켄 우동쯔유 2KG,중복 FOOD_CD
P113-206020400-8480,순즈마장,중복 FOOD_CD
P113-206020400-8489,스리랏차칠리소스,중복 FOOD_CD
P113-206020400-8491,스시 스,중복 FOOD_CD
P113-206020400-8494,스위트 칠리소스,중복 FOOD_CD
P113-206020400-8500,스위트칠리소스(120L),중복 FOOD_CD
P113-206020400-8501,스위트칠리소스(5 000ml),중복 FOOD_CD
P113-206020400-8537,엑스트라 핫칠리소스,중복 FOOD_CD
P113-206020400-8569,월남쌈용 소스,중복 FOOD_CD
P113-206020400-8570,월남쌈용 소스(땅콩맛),중복 FOOD_CD
P113-206020400-8581,임성근의 비법담은 볶음소스,중복 FOOD_CD
P113-206020400-8604,정제뉴러우 유라죠우,중복 FOOD_CD
P113-206020400-8612,중경 상하이충유,중복 FOOD_CD
P113-206020400-8655,칠리 수키 소스,중복 FOOD_CD
P113-206020400-8663,커리부어스트소스,중복 FOOD_CD
P113-206020400-8673,쿡솜씨냉동쿡이지김치찌개소스,중복 FOOD_CD
P113-206020400-8683,타마린드 페이스트,중복 FOOD_CD
P113-206020400-8685,타바스코스콜피온소스,중복 FOOD_CD
P113-206020400-8704,팃코타우,중복 FOOD_CD
P113-206020400-8728,프리토스 체다치즈 딥소스,중복 FOOD_CD
P113-206020400-8729,프리토스 할라피뇨 체다치즈 딥소스,중복 FOOD_CD
P113-206020400-8732,피클드 소야 빈 소스,중복 FOOD_CD
P113-206020400-8742,하인즈 화이트소스 (830g),중복 FOOD_CD
P113-206020400-8752,핫칠리소스,중복 FOOD_CD
P113-206020400-8768,혼합 즈마장,중복 FOOD_CD
P113-206020400-8775,혼합즈마장,중복 FOOD_CD
P113-301030200-0118,에스비 토로케루 카레 중간매운맛,중복 FOOD_CD
P113-301030200-0149,하우스 자바 카레 후레이크,중복 FOOD_CD
P113-301030200-0150,하우스 카레 셀렉트,중복 FOOD_CD
P113-301030200-0151,하우스 코쿠마로 카레,중복 FOOD_CD
P113-301030200-0178,에스비 골든 카레 믹스 후레이크,중복 FOOD_CD
P113-301030200-0184,에스비 테이스티 카레 (매운맛),중복 FOOD_CD
P113-301030200-0214,하우스 바몬드 카레 후레이크,중복 FOOD_CD
P113-301030200-0215,하우스 자바 카레,중복 FOOD_CD
P113-301030200-0227,에스비 골든 커리 재패니즈 커리 믹스 핫 220G,중복 FOOD_CD
P113-301030200-0230,인델리 빈달루 커리,중복 FOOD_CD
P113-301030200-0232,자바카레 약간 매운맛,중복 FOOD_CD
P113-301030200-0275,타이 남야커리,중복 FOOD_CD
P113-501050100-0026,고추씨분,중복 FOOD_CD
P113-501050200-0038,먼치페퍼,중복 FOOD_CD
P113-501050200-0139,머스타드크림,중복 FOOD_CD
P113-501050200-0143,밍글 타코 시즈닝,중복 FOOD_CD
P113-501050200-0163,서양고추냉이분말,중복 FOOD_CD
P113-501050200-0190,테메레 유기농 홀그레인 머스타드,중복 FOOD_CD
P113-501050200-0218,냉동생와사비,중복 FOOD_CD
P113-501050200-0221,모아하우스 홀 그레인 디종 머스타드,중복 FOOD_CD
P113-501050200-0223,생와사비(4g),중복 FOOD_CD
P113-501050200-0226,와사비분,중복 FOOD_CD
P113-501050200-0243,산타마리아 타코 스파이스 믹스 시즈닝 마일드,중복 FOOD_CD
P113-501050200-0244,산타마리아 파히타 스파이스 믹스 시즈닝 미디움,중복 FOOD_CD
P113-501050200-0247,엑스트라 포르테 디종 머스타드(5KG),중복 FOOD_CD
P113-501050200-0251,페스토 알라 제노베시,중복 FOOD_CD
P113-501050200-0258,고추양념,중복 FOOD_CD
P113-501050200-0260,교자포자료,중복 FOOD_CD
P113-501050200-0261,그린 커리 페이스트,중복 FOOD_CD
P113-501050200-0262,둔육료,중복 FOOD_CD
P113-501050200-0264,미니 시치미,중복 FOOD_CD
P113-501050200-0287,혼합양념,중복 FOOD_CD
P113-501050200-0334,사떼톰,중복 FOOD_CD
P113-501050200-0338,에스 비 오로시 와사비,중복 FOOD_CD
P113-501050200-0342,칭계라 와사비,중복 FOOD_CD
P114-101010200-0895,강동김치,중복 FOOD_CD
P114-101010200-0898,강동백김치,중복 FOOD_CD
P114-101010200-0905,김치,중복 FOOD_CD
P114-101010200-0908,냉동 볶음김치,중복 FOOD_CD
P114-101010200-0913,농촌 백김치,중복 FOOD_CD
P114-101010200-0914,누리김치,중복 FOOD_CD
P114-101010200-0919,맘푸드 백김치,중복 FOOD_CD
P114-101010200-0927,명우 백김치,중복 FOOD_CD
P114-101010200-0931,바른김치,중복 FOOD_CD
P114-101010200-0932,배양리 두루치기 김치,중복 FOOD_CD
P114-101010200-0939,배추김치,중복 FOOD_CD
P114-101010200-0943,백김치,중복 FOOD_CD
P114-101010200-0944,백김치,중복 FOOD_CD
P114-101010200-0945,백김치,중복 FOOD_CD
P114-101010200-0946,백김치 김치킹,중복 FOOD_CD
P114-101010200-0947,백년정성김치,중복 FOOD_CD
P114-101010200-0948,볶음김치,중복 FOOD_CD
P114-101010200-0963,신정백김치,중복 FOOD_CD
P114-101010200-0976,이가 우리김치,중복 FOOD_CD
P114-101010200-0977,이가햇뜰김치,중복 FOOD_CD
P114-101010200-0979,일품신선김치,중복 FOOD_CD
P114-101010200-0985,제대로담근김치,중복 FOOD_CD
P114-101010200-0986,제대로담근백김치,중복 FOOD_CD
P114-101010200-0992,찬모아 김치,중복 FOOD_CD
P114-101010200-0993,천년정성김치,중복 FOOD_CD
P114-101010200-0995,초록사랑,중복 FOOD_CD
P114-101010200-0996,태양김치,중복 FOOD_CD
P114-101010200-1001,해담은김치,중복 FOOD_CD
P114-101010200-1004,WELL 백김치,중복 FOOD_CD
P114-101010200-1006,고냉지김치,중복 FOOD_CD
P114-101010200-1011,대박씻은 김치,중복 FOOD_CD
P114-101010200-1014,민속김치,중복 FOOD_CD
P114-101010200-1015,배추 김치,중복 FOOD_CD
P114-101010200-1023,배추김치,중복 FOOD_CD
P114-101010200-1029,삼형제 백김치,중복 FOOD_CD
P114-101010200-1038,청담푸드 배추김치,중복 FOOD_CD
P114-101010200-1095,우리포기김치P,중복 FOOD_CD
P114-101010200-1183,김치킹,중복 FOOD_CD
P114-101010200-1185,농촌김치,중복 FOOD_CD
P114-101010200-1189,대풍 백김치,중복 FOOD_CD
P114-101010200-1196,명주김치,중복 FOOD_CD
P114-101010200-1199,배추김치,중복 FOOD_CD
P114-101010200-1200,배추김치,중복 FOOD_CD
P114-101010200-1201,배추김치,중복 FOOD_CD
P114-101010200-1202,배추김치,중복 FOOD_CD
P114-101010200-1203,배추김치,중복 FOOD_CD
P114-101010200-1206,백김치,중복 FOOD_CD
P114-101010200-1210,볶음김치,중복 FOOD_CD
P114-101010200-1211,산청원 배추김치,중복 FOOD_CD
P114-101010200-1212,새싹김치,중복 FOOD_CD
P114-101010200-1215,씻은백김치,중복 FOOD_CD
P114-101010200-1216,아랑배추김치,중복 FOOD_CD
P114-101010200-1217,애니쿡 썰어담은 맛김치,중복 FOOD_CD
P114-101010200-1218,애니쿡 아삭한 배추김치,중복 FOOD_CD
P114-101010200-1222,월매김치,중복 FOOD_CD
P114-101010200-1223,유성찌개마을 김치,중복 FOOD_CD
P114-101010200-1224,이가 우리백김치,중복 FOOD_CD
P114-101010200-1225,이삼일 김치,중복 FOOD_CD
P114-101010200-1226,자른김치 김치킹,중복 FOOD_CD
P114-101010200-1228,청우 백김치,중복 FOOD_CD
P114-101010200-1233,할매김치,중복 FOOD_CD
P114-101010200-1240,강동김치,중복 FOOD_CD
P114-101010200-1241,강동백김치,중복 FOOD_CD
P114-101010200-1256,다드림 김치,중복 FOOD_CD
P114-101010200-1280,맛있는 대박김치,중복 FOOD_CD
P114-101010200-1354,솜씨가 김치,중복 FOOD_CD
P114-101010200-1389,청우 배추겉절이김치,중복 FOOD_CD
P114-101010200-1408,강동 백김치,중복 FOOD_CD
P114-101010200-1411,고구려묵은지,중복 FOOD_CD
P114-101010200-1414,고구려씻은김치,중복 FOOD_CD
P114-101010200-1420,다락볶음김치,중복 FOOD_CD
P114-101010200-1432,동방김치다,중복 FOOD_CD
P114-101010200-1443,맛기찬 일품 김치,중복 FOOD_CD
P114-101010200-1446,맛김치,중복 FOOD_CD
P114-101010200-1448,맛있는 볶음김치,중복 FOOD_CD
P114-101010200-1463,박준면의 김치이야기 포기김치,중복 FOOD_CD
P114-101010200-1478,배추김치(맛),중복 FOOD_CD
P114-101010200-1480,배추김치(포기),중복 FOOD_CD
P114-101010200-1482,백김치,중복 FOOD_CD
P114-101010200-1483,백김치,중복 FOOD_CD
P114-101010200-1488,보석배추김치,중복 FOOD_CD
P114-101010200-1491,볶음 김치,중복 FOOD_CD
P114-101010200-1494,산들녘 김치,중복 FOOD_CD
P114-101010200-1499,선인배추김치,중복 FOOD_CD
P114-101010200-1500,선인백김치,중복 FOOD_CD
P114-101010200-1503,신대동 김치,중복 FOOD_CD
P114-101010200-1517,신선애 볶음김치,중복 FOOD_CD
P114-101010200-1521,씻은 백김치,중복 FOOD_CD
P114-101010200-1522,씻은김치,중복 FOOD_CD
P114-101010200-1523,아랑백김치,중복 FOOD_CD
P114-101010200-1529,알찬김치,중복 FOOD_CD
P114-101010200-1536,옛맛김치,중복 FOOD_CD
P114-101010200-1539,오숙수백김치,중복 FOOD_CD
P114-101010200-1540,옹골찬김치,중복 FOOD_CD
P114-101010200-1541,완찬 포기김치,중복 FOOD_CD
P114-101010200-1552,우리집 볶음밥용김치,중복 FOOD_CD
P114-101010200-1556,일가 포기김치,중복 FOOD_CD
P114-101010200-1569,제이비금김치,중복 FOOD_CD
P114-101010200-1584,지니 볶음김치,중복 FOOD_CD
P114-101010200-1593,처음김치,중복 FOOD_CD
P114-101010200-1595,청우씻은김치,중복 FOOD_CD
P114-101010200-1596,청정수 김치,중복 FOOD_CD
P114-101010200-1597,초원김치,중복 FOOD_CD
P114-101010200-1604,태산김치,중복 FOOD_CD
P114-101010200-1606,파워일등 백김치,중복 FOOD_CD
P114-101010200-1607,팔도김치,중복 FOOD_CD
P114-101010200-1609,푸른들 김치,중복 FOOD_CD
P114-101010200-1610,프리미엄 백김치,중복 FOOD_CD
P114-101010200-1614,하늘채김치,중복 FOOD_CD
P114-101010200-1617,한양김치,중복 FOOD_CD
P114-101010200-1632,헤브론김치,중복 FOOD_CD
P114-101010200-1633,홍초김치,중복 FOOD_CD
P114-101010200-1635,황보마을 백김치,중복 FOOD_CD
P114-101010200-1636,황보마을 썰은김치,중복 FOOD_CD
P114-101010200-1671,정담 겉절이,중복 FOOD_CD
P114-101010200-1801,궁궐김치,중복 FOOD_CD
P114-101010200-1812,너울 김치,중복 FOOD_CD
P114-101010200-1818,늘푸른청솔 백김치,중복 FOOD_CD
P114-101010200-1819,대청김치,중복 FOOD_CD
P114-101010200-1826,마라삼스,중복 FOOD_CD
P114-101010200-1835,명품백김치,중복 FOOD_CD
P114-101010200-1836,미가김치,중복 FOOD_CD
P114-101010200-1838,미도김치,중복 FOOD_CD
P114-101010200-1839,민속백김치,중복 FOOD_CD
P114-101010200-1844,배추김치,중복 FOOD_CD
P114-101010200-1846,배추김치,중복 FOOD_CD
P114-101010200-1848,배추김치,중복 FOOD_CD
P114-101010200-1854,배추김치(얼음골2),중복 FOOD_CD
P114-101010200-1857,백김치,중복 FOOD_CD
P114-101010200-1860,백김치,중복 FOOD_CD
P114-101010200-1861,백김치,중복 FOOD_CD
P114-101010200-1862,백김치(10KG),중복 FOOD_CD
P114-101010200-1863,백김치(WHITE KIMCHI),중복 FOOD_CD
P114-101010200-1867,보배네 김치,중복 FOOD_CD
P114-101010200-1873,본토김치,중복 FOOD_CD
P114-101010200-1879,산해들 김치,중복 FOOD_CD
P114-101010200-1881,생생김치,중복 FOOD_CD
P114-101010200-1887,신선애 맛 김치 10kg,중복 FOOD_CD
P114-101010200-1893,신선애 맛김치,중복 FOOD_CD
P114-101010200-1904,아리수 배추김치,중복 FOOD_CD
P114-101010200-1905,아리수 백김치,중복 FOOD_CD
P114-101010200-1906,아침애김치,중복 FOOD_CD
P114-101010200-1917,오감만찬 배추김치,중복 FOOD_CD
P114-101010200-1918,오감만찬 백김치,중복 FOOD_CD
P114-101010200-1924,올바른 배추김치,중복 FOOD_CD
P114-101010200-1925,용김치,중복 FOOD_CD
P114-101010200-1927,우리입맛 포기김치,중복 FOOD_CD
P114-101010200-1930,우리집포기김치왕,중복 FOOD_CD
P114-101010200-1939,일등배추김치,중복 FOOD_CD
P114-101010200-1945,정가네 백김치,중복 FOOD_CD
P114-101010200-1946,정김치,중복 FOOD_CD
P114-101010200-1951,제왕 김치,중복 FOOD_CD
P114-101010200-1952,조은 백김치,중복 FOOD_CD
P114-101010200-1957,천년의맛 김치,중복 FOOD_CD
P114-101010200-1960,초가집 김치,중복 FOOD_CD
P114-101010200-1961,초선김치,중복 FOOD_CD
P114-101010200-1963,최고집 김치,중복 FOOD_CD
P114-101010200-1964,춘하추동 백김치,중복 FOOD_CD
P114-101010200-1966,콕 조기김치,중복 FOOD_CD
P114-101010200-1977,포기김치,중복 FOOD_CD
P114-101010200-1982,풍년들김치,중복 FOOD_CD
P114-101010200-1983,풍년들백김치,중복 FOOD_CD
P114-101010200-1985,프리미엄 올바른빛깔 김치,중복 FOOD_CD
P114-101010200-1987,한가위김치,중복 FOOD_CD
P114-101010200-1988,한김치,중복 FOOD_CD
P114-101010200-1990,한빛명품배추김치,중복 FOOD_CD
P114-101010200-1992,한옥김치,중복 FOOD_CD
P114-101010200-2001,햇살포기김치,중복 FOOD_CD
P114-101010200-2004,황금들김치,중복 FOOD_CD
P114-101010200-2005,황금들녘김치,중복 FOOD_CD
P114-101010200-2006,황보마을 맛김치,중복 FOOD_CD
P114-101010200-2007,황보마을 배추김치,중복 FOOD_CD
P114-101010200-2008,황보마을 슬라이스 김치,중복 FOOD_CD
P114-101010200-2009,황보마을 포기김치,중복 FOOD_CD
P114-103010200-0462,깍두기 김치킹,중복 FOOD_CD
P114-103010200-0465,깍두기,중복 FOOD_CD
P114-103010200-0468,미가 깍두기 김치,중복 FOOD_CD
P114-103010200-0473,파김치,중복 FOOD_CD
P114-103010200-0519,WELL 깍두기,중복 FOOD_CD
P114-103010200-0520,갓김치,중복 FOOD_CD
P114-103010200-0530,청우깍두기,중복 FOOD_CD
P114-103010200-0533,김삿갓김치,중복 FOOD_CD
P114-103010200-0535,깍두기,중복 FOOD_CD
P114-103010200-0566,쪽파김치   *5KG,중복 FOOD_CD
P114-103010200-0567,청우 총각김치,중복 FOOD_CD
P114-103010200-0570,청우쪽파김치,중복 FOOD_CD
P114-103010200-0573,파김치,중복 FOOD_CD
P114-103010200-0576,갓김치,중복 FOOD_CD
P114-103010200-0595,천년의맛 깍두기 김치,중복 FOOD_CD
P114-103010200-0596,천년의맛 쪽파김치,중복 FOOD_CD
P114-103010200-0693,깍두기,중복 FOOD_CD
P114-104010100-0078,김치속,중복 FOOD_CD
P114-104010100-0081,김칫속,중복 FOOD_CD
P114-104010100-0095,김치속,중복 FOOD_CD
P114-201020100-0231,궁채장아찌,중복 FOOD_CD
P114-201020100-0233,알타리무장아찌,중복 FOOD_CD
P114-201020100-0325,간장 마늘쫑채 장아찌,중복 FOOD_CD
P114-201020100-0327,갓 장아찌,중복 FOOD_CD
P114-202020100-0288,델리원 생오이피클,중복 FOOD_CD
P114-202020100-0311,단무지(알밥용),중복 FOOD_CD
P114-202020100-0317,라자트 갈릭 피클 인 오일,중복 FOOD_CD
P114-202020100-0318,라자트 라임 피클 인 오일,중복 FOOD_CD
P114-202020100-0327,백단무지슬라이스,중복 FOOD_CD
P114-202020100-0344,유자맛 단무지,중복 FOOD_CD
P114-202020100-0346,치자단무지,중복 FOOD_CD
P114-202020100-0354,후레쉬 피클,중복 FOOD_CD
P114-202020100-0409,골드 프레시 오이피클 슬라이스,중복 FOOD_CD
P114-202020100-0411,단무지슬라이스,중복 FOOD_CD
P114-202020100-0415,미니치자단무지,중복 FOOD_CD
P114-202020100-0419,샌드위치용 슬라이스 피클,중복 FOOD_CD
P114-202020100-0424,슬라이스드 오이 피클,중복 FOOD_CD
P114-202020100-0457,김밥용 단무지,중복 FOOD_CD
P114-202020100-0515,新(신)쫄깃단무지,중복 FOOD_CD
P114-202020100-0518,꼬들단무지,중복 FOOD_CD
P114-202020100-0520,단무지,중복 FOOD_CD
P114-202020100-0551,조미염장단무지,중복 FOOD_CD
P114-203020200-0256,건조 크랜베리 루비,중복 FOOD_CD
P114-203020200-0260,건크랜베리,중복 FOOD_CD
P114-203020200-0261,건크랜베리,중복 FOOD_CD
P114-203020200-0316,건블루베리,중복 FOOD_CD
P114-203020200-0318,건조 크랜베리 루비,중복 FOOD_CD
P114-203020200-0361,팥배기,중복 FOOD_CD
P114-203020200-0403,건크랜베리,중복 FOOD_CD
P114-203020200-0408,건복숭아 다이스,중복 FOOD_CD
P114-203020200-0420,건조망고,중복 FOOD_CD
P114-203020200-0424,당절임 키위,중복 FOOD_CD
P114-203020200-0466,공심산사,중복 FOOD_CD
P114-203020200-0467,공심산사,중복 FOOD_CD
P114-203020200-0471,반간진싱,중복 FOOD_CD
P114-300030000-0402,마마쿡 오징어실채볶음(냉동),중복 FOOD_CD
P114-300030000-0798,시래기된장무침,중복 FOOD_CD
P114-300030000-0921,배추나물,중복 FOOD_CD
P114-300030000-1030,양대콩조림,중복 FOOD_CD
P114-300030000-1032,연근조림,중복 FOOD_CD
P114-300030000-1064,연근조림,중복 FOOD_CD
P114-300030000-1069,우엉조림,중복 FOOD_CD
P114-300030000-1221,김밥용 우엉조림,중복 FOOD_CD
P114-300030000-1231,바른 우엉,중복 FOOD_CD
P114-300030000-1237,콩조림,중복 FOOD_CD
P114-300030000-1239,통팥앙금,중복 FOOD_CD
P114-300030000-1261,마마쿡 아귀채볶음,중복 FOOD_CD
P114-300030000-1277,연근땅콩조림,중복 FOOD_CD
P114-300030000-1295,고사리볶음,중복 FOOD_CD
P114-300030000-1640,김밥용 우엉조림,중복 FOOD_CD
P114-300030000-1650,단호박 앙금,중복 FOOD_CD
P114-300030000-1701,연근조림,중복 FOOD_CD
P114-300030000-1741,콩자반,중복 FOOD_CD
P114-300030000-1745,콩조림,중복 FOOD_CD
P114-300030000-1757,행복한맛남 김밥용 우엉조림,중복 FOOD_CD
P114-300030000-1760,혼합 콩조림,중복 FOOD_CD
P114-400020100-0072,속초 양념홍게장,중복 FOOD_CD
P114-400020100-1019,간장깻잎,중복 FOOD_CD
P114-400020100-1021,간장깻잎,중복 FOOD_CD
P114-400020100-1026,고들빼기무침,중복 FOOD_CD
P114-400020100-1027,고들빼기무침,중복 FOOD_CD
P114-400020100-1030,고추무침,중복 FOOD_CD
P114-400020100-1031,고추잎무침,중복 FOOD_CD
P114-400020100-1045,깻잎무침,중복 FOOD_CD
P114-400020100-1052,델 솔 나쵸 슬라이스 할라페뇨페퍼스,중복 FOOD_CD
P114-400020100-1069,락교 (3kg),중복 FOOD_CD
P114-400020100-1080,리치스 블랙 올리브,중복 FOOD_CD
P114-400020100-1093,매실간장깻잎,중복 FOOD_CD
P114-400020100-1095,매실청간장깻잎,중복 FOOD_CD
P114-400020100-1097,메이쳐 잭 인 브린,중복 FOOD_CD
P114-400020100-1108,무말랭이무침,중복 FOOD_CD
P114-400020100-1121,브래드후르츠 인 브린,중복 FOOD_CD
P114-400020100-1157,야마구라게 (1KG),중복 FOOD_CD
P114-400020100-1163,양념깻잎,중복 FOOD_CD
P114-400020100-1165,염장깻잎,중복 FOOD_CD
P114-400020100-1167,염장마늘쫑,중복 FOOD_CD
P114-400020100-1168,영 잭프루츠 인 브린,중복 FOOD_CD
P114-400020100-1185,윙드 빈 인 브린,중복 FOOD_CD
P114-400020100-1199,짜차이채무침,중복 FOOD_CD
P114-400020100-1200,채초생강,중복 FOOD_CD
P114-400020100-1203,초산절임고추,중복 FOOD_CD
P114-400020100-1220,통오이지,중복 FOOD_CD
P114-400020100-1243,하리하리쯔케 (1kg),중복 FOOD_CD
P114-400020100-1254,향라 진전구,중복 FOOD_CD
P114-400020100-1274,간장깻잎,중복 FOOD_CD
P114-400020100-1276,간표,중복 FOOD_CD
P114-400020100-1280,고들빼기무침,중복 FOOD_CD
P114-400020100-1284,고추무침,중복 FOOD_CD
P114-400020100-1292,궁채절임,중복 FOOD_CD
P114-400020100-1316,다시마절임 매운맛,중복 FOOD_CD
P114-400020100-1327,된장고추,중복 FOOD_CD
P114-400020100-1337,락교,중복 FOOD_CD
P114-400020100-1363,매실 간장깻잎,중복 FOOD_CD
P114-400020100-1365,매실청깻잎,중복 FOOD_CD
P114-400020100-1380,명이나물,중복 FOOD_CD
P114-400020100-1384,무말랭이 무침,중복 FOOD_CD
P114-400020100-1393,무절임,중복 FOOD_CD
P114-400020100-1412,백초생강(채)(생강60%),중복 FOOD_CD
P114-400020100-1422,산고추,중복 FOOD_CD
P114-400020100-1425,산고추4kg,중복 FOOD_CD
P114-400020100-1443,신슈락교,중복 FOOD_CD
P114-400020100-1462,양념깻잎,중복 FOOD_CD
P114-400020100-1470,양념마늘쫑,중복 FOOD_CD
P114-400020100-1471,양념마늘쫑지,중복 FOOD_CD
P114-400020100-1484,오이지채,중복 FOOD_CD
P114-400020100-1485,올리브 데노시오레이트 리모네 페페론치노,중복 FOOD_CD
P114-400020100-1507,적초생강(생강55%),중복 FOOD_CD
P114-400020100-1508,적초생강(채)(생강60%),중복 FOOD_CD
P114-400020100-1540,취취순,중복 FOOD_CD
P114-400020100-1546,카스텔베트라노 돌체 그린 올리브 (480g) (WKD025),중복 FOOD_CD
P114-400020100-1552,큐리스케,중복 FOOD_CD
P114-400020100-1564,프라가타 스패니쉬 올리브 슬라이스드 블랙,중복 FOOD_CD
P114-400020100-1565,프라가타 스패니쉬 올리브 슬라이스드 블랙,중복 FOOD_CD
P114-400020100-1566,프루이페 케이퍼,중복 FOOD_CD
P114-400020100-1570,피티드 이탈리안 올리브 믹스,중복 FOOD_CD
P114-400020100-1571,피티드그린 올리브 프롬 시칠리,중복 FOOD_CD
P114-400020100-1578,할라피뇨,중복 FOOD_CD
P114-400020100-1580,할키디키 올리브,중복 FOOD_CD
P114-400020100-1582,해울찬 백초생강,중복 FOOD_CD
P114-400020100-1741,간장마늘쫑,중복 FOOD_CD
P114-400020100-1743,고들빼기무침,중복 FOOD_CD
P114-400020100-1750,그린 카스텔베트라노 올리브,중복 FOOD_CD
P114-400020100-1754,그린 카스텔베트라노 올리브 (DCV035VVA),중복 FOOD_CD
P114-400020100-1763,깻잎무침,중복 FOOD_CD
P114-400020100-1768,라리 슬라이스 블랙올리브,중복 FOOD_CD
P114-400020100-1786,무말랭이무침,중복 FOOD_CD
P114-400020100-1795,백초생강,중복 FOOD_CD
P114-400020100-1798,블랙 카스텔베트라노 올리브,중복 FOOD_CD
P114-400020100-1799,블랙 피티드 깔라마따 올리브 (DEK032VVA),중복 FOOD_CD
P114-400020100-1804,산고추,중복 FOOD_CD
P114-400020100-1819,알리초테 필렛 오브 엔초비,중복 FOOD_CD
P114-400020100-1824,양념고추잎,중복 FOOD_CD
P114-400020100-1844,초생강,중복 FOOD_CD
P114-400020100-1845,초생강,중복 FOOD_CD
P114-400020100-1847,카스텔베트라노 데노치올라테 돌체 그린올리브 (WKDED02),중복 FOOD_CD
P114-400020100-1854,파스크라우트 사우어크라우트,중복 FOOD_CD
P114-400020100-1856,피티드 그린 카스텔베트라노 올리브 (DED04K),중복 FOOD_CD
P114-400020100-1857,피티드그린 스파이시 올리브 프롬 시칠리,중복 FOOD_CD
P114-400020100-1859,할라페뇨,중복 FOOD_CD
P114-400020100-1860,할라페뇨 슬라이스,중복 FOOD_CD
P114-400020100-1866,후쿠진스케(건조무우80%),중복 FOOD_CD
P114-400020100-1878,깻잎무침,중복 FOOD_CD
P114-400020100-1884,다조은 골드락교,중복 FOOD_CD
P114-400020100-1885,다조은 캔락교,중복 FOOD_CD
P114-400020100-1923,백초생강(생강55%),중복 FOOD_CD
P114-400020100-1959,올리브 알라 글리샤,중복 FOOD_CD
P114-400020100-2000,푸링짜사이,중복 FOOD_CD
P114-400020100-2017,갓 장아찌,중복 FOOD_CD
P114-400020100-2020,고들빼기무침,중복 FOOD_CD
P114-400020100-2021,고추지,중복 FOOD_CD
P114-400020100-2027,그린 할라피뇨 슬라이스,중복 FOOD_CD
P114-400020100-2034,다락알타리무장아찌,중복 FOOD_CD
P114-400020100-2044,라운드 슬라이스 그린 올리브,중복 FOOD_CD
P114-400020100-2048,마늘쫑무침,중복 FOOD_CD
P114-400020100-2059,미니락교,중복 FOOD_CD
P114-400020100-2062,백초생강,중복 FOOD_CD
P114-400020100-2064,복신지(후쿠진스케),중복 FOOD_CD
P114-400020100-2086,시바스케(오이80%),중복 FOOD_CD
P114-400020100-2096,양념고추지,중복 FOOD_CD
P114-400020100-2101,양념우엉(2kg),중복 FOOD_CD
P114-400020100-2114,염장연근,중복 FOOD_CD
P114-400020100-2115,염장연근(1KGX10EA),중복 FOOD_CD
P114-400020100-2118,오향절임고추,중복 FOOD_CD
P114-400020100-2119,올리브 노첼라라 델 벨리체 (DOPWKBG025),중복 FOOD_CD
P114-400020100-2133,자이언트 그린 피티트 올리브 칠리앤라임,중복 FOOD_CD
P114-400020100-2136,적초생강,중복 FOOD_CD
P114-400020100-2144,칭솽짜차이절임,중복 FOOD_CD
P114-400020100-2163,하늘초 고추지(4kg),중복 FOOD_CD
P114-400020100-2415,간장고추,중복 FOOD_CD
P114-400020100-2418,간장궁채,중복 FOOD_CD
P114-400020100-2448,공차이,중복 FOOD_CD
P114-400020100-2454,그린 체리놀라 올리브 (CEP032VVA),중복 FOOD_CD
P114-400020100-2474,당근채,중복 FOOD_CD
P114-400020100-2491,라코스테냐 토마틸로,중복 FOOD_CD
P114-400020100-2507,매실간장깻잎,중복 FOOD_CD
P114-400020100-2512,매콤담백 고추실채,중복 FOOD_CD
P114-400020100-2529,무말랭이무침,중복 FOOD_CD
P114-400020100-2588,스패니쉬 블랙올리브 슬라이스 (3.15kg),중복 FOOD_CD
P114-400020100-2595,신락교,중복 FOOD_CD
P114-400020100-2596,신락교,중복 FOOD_CD
P114-400020100-2610,알마늘,중복 FOOD_CD
P114-400020100-2617,양념깻잎,중복 FOOD_CD
P114-400020100-2618,양념깻잎,중복 FOOD_CD
P114-400020100-2619,양념깻잎,중복 FOOD_CD
P114-400020100-2620,양념깻잎,중복 FOOD_CD
P114-400020100-2648,염장연근,중복 FOOD_CD
P114-400020100-2663,오이채 4kg,중복 FOOD_CD
P114-400020100-2673,우엉절임가다랑어맛,중복 FOOD_CD
P114-400020100-2675,웨이라짜차이절임,중복 FOOD_CD
P114-400020100-2679,위메이 사천마라반,중복 FOOD_CD
P114-400020100-2700,초산고추절임,중복 FOOD_CD
P114-400020100-2702,초절임고추,중복 FOOD_CD
P114-400020100-2707,초절임생강(채)(생강70% 초산0.6%함유),중복 FOOD_CD
P114-400020100-2709,초절임생강채,중복 FOOD_CD
P114-400020100-2710,초절임생강채,중복 FOOD_CD
P114-400020100-2713,최가네 새콤달콤쌈무,중복 FOOD_CD
P116-200020100-0129,플라틴,중복 FOOD_CD
P116-200020100-0137,세몰라 리마치나타,중복 FOOD_CD
P116-200020100-0147,파심 밀가루,중복 FOOD_CD
P116-200020100-0161,도피오제로 밀가루,중복 FOOD_CD
P116-200020100-0164,유기농통밀가루,중복 FOOD_CD
P116-200020100-0165,쿠오코,중복 FOOD_CD
P116-200020100-0170,폴셀리 이탈리아나,중복 FOOD_CD
P116-200020100-0171,00 아메리카나,중복 FOOD_CD
P116-200020100-0185,폴셀리 화이트00,중복 FOOD_CD
P116-200020100-0188,듀럼밀 세몰라,중복 FOOD_CD
P116-200020100-0191,수페리오레,중복 FOOD_CD
P116-200020100-0193,오로,중복 FOOD_CD
P116-200020100-0195,폴셀리 비바체,중복 FOOD_CD
P116-200020100-0196,폴셀리 수퍼,중복 FOOD_CD
P116-200020100-0197,폴셀리 콘템포라네아,중복 FOOD_CD
P116-200020100-0198,폴셀리 클레시카,중복 FOOD_CD
P116-200020100-0199,프롤라,중복 FOOD_CD
P116-200020100-0201,피제리아 밀가루(25KG),중복 FOOD_CD
P116-200020200-0008,토니제미냐니캘리포니아아티산,중복 FOOD_CD
P116-200020200-0009,밀가루 T45 - 9828610,중복 FOOD_CD
P116-301030100-0121,고 넛츠 유기농 피넛버터,중복 FOOD_CD
P116-301030100-0130,땅콩버터 스무스,중복 FOOD_CD
P116-301030100-0141,메리디안 유기농 스무드 땅콩버터,중복 FOOD_CD
P116-301030100-0148,본마망 피넛 스프레드 스무스,중복 FOOD_CD
P116-301030100-0163,퀸즈트리 피넛버터 크런치,중복 FOOD_CD
P116-301030100-0192,윌리스 피넛버터 크리미,중복 FOOD_CD
P116-302030200-0028,구운양파아몬드,중복 FOOD_CD
P116-302030200-0070,먼투썬 하루견과 블랙,중복 FOOD_CD
P116-302030200-0074,먼투썬 하루견과 퍼플,중복 FOOD_CD
P116-302030200-0472,믹스넛츠,중복 FOOD_CD
P116-302030200-0980,까먹는 밤의여왕,중복 FOOD_CD
P116-302030200-0981,껍질구운캐슈넛,중복 FOOD_CD
P116-302030200-1004,달콤맛밤 달밤,중복 FOOD_CD
P116-302030200-1010,땅콩참깨장,중복 FOOD_CD
P116-302030200-1059,볶음땅콩,중복 FOOD_CD
P116-302030200-1069,볶음땅콩반태,중복 FOOD_CD
P116-302030200-1078,볶음땅콩분태,중복 FOOD_CD
P116-302030200-1089,볶음피땅콩,중복 FOOD_CD
P116-302030200-1123,시베리안파인 잣가루 200G,중복 FOOD_CD
P116-302030200-1136,약밤,중복 FOOD_CD
P116-302030200-1157,은행 튀김,중복 FOOD_CD
P116-302030200-1166,찹쌀땅콩,중복 FOOD_CD
P116-302030200-1172,촉촉한 밤,중복 FOOD_CD
P116-302030200-1197,커피땅콩,중복 FOOD_CD
P116-302030200-1198,커피땅콩,중복 FOOD_CD
P116-302030200-1199,커피땅콩,중복 FOOD_CD
P116-302030200-1216,튀김땅콩,중복 FOOD_CD
P116-302030200-1219,튀김땅콩,중복 FOOD_CD
P116-302030200-1229,피넛 위드 세사미,중복 FOOD_CD
P116-302030200-1261,껍질째 구은 통 마카다미아,중복 FOOD_CD
P116-302030200-1263,꿀땅콩,중복 FOOD_CD
P116-302030200-1306,볶음땅콩,중복 FOOD_CD
P116-302030200-1313,볶음땅콩분태,중복 FOOD_CD
P116-302030200-1321,소사 아몬드 파우더 - 41464,중복 FOOD_CD
P116-302030200-1354,찹쌀땅콩,중복 FOOD_CD
P116-302030200-1371,커피땅콩,중복 FOOD_CD
P116-302030200-1389,튀김땅콩,중복 FOOD_CD
P116-302030200-1402,헤이즐넛 프랄린 - 2258,중복 FOOD_CD
P116-302030200-1419,노티넛츠 메이플 시나몬,중복 FOOD_CD
P116-302030200-1420,노티넛츠 오리지널,중복 FOOD_CD
P116-302030200-1458,해든마루 믹스넛츠,중복 FOOD_CD
P116-302030200-1523,구운땅콩,중복 FOOD_CD
P116-302030200-1524,껍질째 구운 통 마카다미아,중복 FOOD_CD
P116-302030200-1529,꿀땅콩,중복 FOOD_CD
P116-302030200-1543,볶음땅콩,중복 FOOD_CD
P116-302030200-1547,볶음땅콩,중복 FOOD_CD
P116-302030200-1578,점보사이즈 구운캐슈넛,중복 FOOD_CD
P116-302030200-1580,짠돌이땅콩(1000g),중복 FOOD_CD
P116-302030200-1595,군밤,중복 FOOD_CD
P116-302030200-1599,달달 맛밤,중복 FOOD_CD
P116-302030200-1613,볶음땅콩반태,중복 FOOD_CD
P116-302030200-1617,볶음땅콩분태,중복 FOOD_CD
P116-302030200-1627,술고래땅콩 (마라맛),중복 FOOD_CD
P116-302030200-1638,커피땅콩,중복 FOOD_CD
P116-302030200-1641,테이크넛 크리스피 제스티 오렌지,중복 FOOD_CD
P116-302030200-1663,구운땅콩,중복 FOOD_CD
P116-302030200-1681,먼투썬 금요일,중복 FOOD_CD
P116-302030200-1683,먼투썬 수요일,중복 FOOD_CD
P116-302030200-1684,먼투썬 월요일,중복 FOOD_CD
P116-302030200-1686,먼투썬 토요일,중복 FOOD_CD
P116-302030200-1687,먼투썬 화요일,중복 FOOD_CD
P116-302030200-1696,볶음땅콩,중복 FOOD_CD
P116-302030200-1702,볶음땅콩분태,중복 FOOD_CD
P116-302030200-1708,새빨간 볶음땅콩,중복 FOOD_CD
P116-302030200-1727,테이크넛 크리스피 더스티드 초콜릿,중복 FOOD_CD
P116-302030200-1728,테이크넛 크리스피 딥 씨위드,중복 FOOD_CD
P116-302030200-1730,테이크넛 크리스피 스파이시 치즈,중복 FOOD_CD
P116-302030200-1731,테이크넛 토스티드 세서미,중복 FOOD_CD
P116-302030200-1759,피스타치오앤구운껍질캐슈넛,중복 FOOD_CD
P116-302030200-1849,슬라이스 아몬드 [#1386722],중복 FOOD_CD
P116-302030200-1851,알큰볶음땅콩,중복 FOOD_CD
P116-302030200-1862,튀김땅콩,중복 FOOD_CD
P116-303030200-0370,시칠리안 피스타치오 페이스트 엠1,중복 FOOD_CD
P116-303030200-0379,체스트넛 스프레드,중복 FOOD_CD
P116-303030200-0382,체스트넛 페이스트,중복 FOOD_CD
P116-303030200-0388,피스타치오 페이스트,중복 FOOD_CD
P116-303030200-0417,마지판 모,중복 FOOD_CD
P116-303030200-0479,화이트볼,중복 FOOD_CD
P116-303030200-0537,씨위드 크런치 위드 넛츠 스파이스치즈,중복 FOOD_CD
P116-303030200-0538,씨위드 크런치 위드 넛츠 와사비,중복 FOOD_CD
P116-303030200-0539,씨위드 크런치 위드 넛츠 치즈,중복 FOOD_CD
P116-303030200-0563,피스타치오 크림 [#682334],중복 FOOD_CD
P116-303030200-0571,땅콩스프레드,중복 FOOD_CD
P116-303030200-0580,에르메 프랄린 누아제트 - 8130,중복 FOOD_CD
P116-303030200-0593,피에몬테 PGI 헤이즐넛 페이스트 - 20020,중복 FOOD_CD
P116-400040000-0138,농협 저당 쌀시리얼,중복 FOOD_CD
P116-400040000-0140,행복한맛남 콘스위트 시리얼,중복 FOOD_CD
P116-400070200-0250,뉴클래식그래놀라,중복 FOOD_CD
P116-400070200-0284,늘그래놀라 카카오&시나몬 믹스,중복 FOOD_CD
P116-400070200-0387,해든마루 오리지널 그래놀라,중복 FOOD_CD
P116-400070200-0388,해든마루 초코그래놀라,중복 FOOD_CD
P116-400070200-0409,조단스 뮤즐리,중복 FOOD_CD
P116-400070200-0412,훅스 유기농 레드후르츠 크런치,중복 FOOD_CD
P116-400070200-0413,훅스 유기농 초콜렛 크런치,중복 FOOD_CD
P116-701070100-0290,Estrofill 에스트로필,중복 FOOD_CD
P116-701070100-0889,건포도,중복 FOOD_CD
P116-701070100-0890,건포도,중복 FOOD_CD
P116-701070100-0892,건포도,중복 FOOD_CD
P116-701070100-0927,냉동 사워체리,중복 FOOD_CD
P116-701070100-0939,냉동 체리,중복 FOOD_CD
P116-701070100-0985,돌 냉동 슬라이스 바나나,중복 FOOD_CD
P116-701070100-0986,돌 냉동 파인애플 청크,중복 FOOD_CD
P116-701070100-1012,딸기 냉동 퓨레,중복 FOOD_CD
P116-701070100-1020,딸기 파우더 (300g),중복 FOOD_CD
P116-701070100-1025,레몬 냉동 퓨레,중복 FOOD_CD
P116-701070100-1028,리치스 트로피칼 후르츠 칵테일,중복 FOOD_CD
P116-701070100-1029,리치스 파인애플 슬라이스,중복 FOOD_CD
P116-701070100-1030,리치스 파인애플 청크,중복 FOOD_CD
P116-701070100-1041,베리업 블루베리,중복 FOOD_CD
P116-701070100-1042,베리업 스트로베리,중복 FOOD_CD
P116-701070100-1056,세네카 사우어 애플칩 (71g),중복 FOOD_CD
P116-701070100-1070,아넬라 호프 사과 퓨레,중복 FOOD_CD
P116-701070100-1088,옐로패션프루트 냉동퓨레,중복 FOOD_CD
P116-701070100-1157,골드 황도 슬라이스,중복 FOOD_CD
P116-701070100-1172,냉동 딸기,중복 FOOD_CD
P116-701070100-1258,냉동딸기퓨레,중복 FOOD_CD
P116-701070100-1265,냉동망고다이스,중복 FOOD_CD
P116-701070100-1278,냉동블루베리,중복 FOOD_CD
P116-701070100-1310,동결건조딸기분말,중복 FOOD_CD
P116-701070100-1329,리치스 파인애플 슬라이스 원터치,중복 FOOD_CD
P116-701070100-1335,만다린오렌지,중복 FOOD_CD
P116-701070100-1338,망고,중복 FOOD_CD
P116-701070100-1341,망고 컵,중복 FOOD_CD
P116-701070100-1342,망고 퓨레,중복 FOOD_CD
P116-701070100-1354,베르가못 냉동 퓨레,중복 FOOD_CD
P116-701070100-1356,복숭아,중복 FOOD_CD
P116-701070100-1357,복숭아 컵,중복 FOOD_CD
P116-701070100-1362,블랙체리 냉동 퓨레,중복 FOOD_CD
P116-701070100-1396,아이스 망고바,중복 FOOD_CD
P116-701070100-1411,에스앤더블유 프리미엄 파인애플 슬라이스,중복 FOOD_CD
P116-701070100-1429,자몽쌕,중복 FOOD_CD
P116-701070100-1449,코코넛밀크,중복 FOOD_CD
P116-701070100-1495,달콤허니 딸기망고블루베리,중복 FOOD_CD
P116-701070100-1497,달콤허니 망고바나나,중복 FOOD_CD
P116-701070100-1503,딸기망고블루베리스무디,중복 FOOD_CD
P116-701070100-1600,골드 황도 슬라이스,중복 FOOD_CD
P116-701070100-1612,냉동 딸기 다이스드,중복 FOOD_CD
P116-701070100-1616,냉동 만다린 농축 조제품,중복 FOOD_CD
P116-701070100-1617,냉동 망고,중복 FOOD_CD
P116-701070100-1642,냉동 패션후르츠 1KG,중복 FOOD_CD
P116-701070100-1648,냉동딸기,중복 FOOD_CD
P116-701070100-1656,냉동애플망고,중복 FOOD_CD
P116-701070100-1660,닥터브라이언 파이토 멜라토닌 츄어블 딸기맛,중복 FOOD_CD
P116-701070100-1675,망고,중복 FOOD_CD
P116-701070100-1679,바나나 냉동 퓨레,중복 FOOD_CD
P116-701070100-1684,세네카 그래니스미스 애플칩 (71g),중복 FOOD_CD
P116-701070100-1685,세네카 핑크레이디 애플칩 (71g),중복 FOOD_CD
P116-701070100-1689,썬뷰 유기농 건적포도 (198g),중복 FOOD_CD
P116-701070100-1696,연근칩,중복 FOOD_CD
P116-701070100-1699,유기농 냉동 블루베리,중복 FOOD_CD
P116-701070100-1713,황도,중복 FOOD_CD
P116-701070100-1751,세네카 시나몬 애플칩 (71g),중복 FOOD_CD
P116-701070100-1770,건포도,중복 FOOD_CD
P116-701070100-1784,냉동딸기,중복 FOOD_CD
P116-701070100-1821,만다린 오렌지,중복 FOOD_CD
P116-701070100-1849,코코허그,중복 FOOD_CD
P116-701070100-1855,트로피칼 파인애플 슬라이스,중복 FOOD_CD
P116-701070100-1858,파인애플,중복 FOOD_CD
P116-701070100-1950,스위트 과일컵 딸기망고,중복 FOOD_CD
P116-701070100-1996,냉동 망고바,중복 FOOD_CD
P116-701070100-1997,통과일 아이스요거트 망고베리,중복 FOOD_CD
P116-701070100-2004,냉동 자몽,중복 FOOD_CD
P116-701070100-2011,냉동 패션후르츠,중복 FOOD_CD
P116-701070100-2018,냉동과일믹스,중복 FOOD_CD
P116-701070100-2037,냉동자이언트왕왕고,중복 FOOD_CD
P116-701070100-2066,만다린오렌지(감귤53.3%함유),중복 FOOD_CD
P116-701070100-2080,산사다유안주안,중복 FOOD_CD
P116-701070100-2083,산탄 끌라빠 시압 빠카,중복 FOOD_CD
P116-701070100-2084,산탄 켈라파 코코넛 크림,중복 FOOD_CD
P116-701070100-2095,안토넬라 폴파 엑스트라파인,중복 FOOD_CD
P116-701070100-2097,알로에 베라,중복 FOOD_CD
P116-701070100-2102,엘티 나타데코코 파인애플향,중복 FOOD_CD
P116-701070100-2116,재스퍼앤캐롯 파인애플 슬라이스  (3062g x 6ea),중복 FOOD_CD
P116-701070100-2118,재스퍼앤캐롯 파인애플 티드빗  (3062g x 6ea),중복 FOOD_CD
P116-701070100-2127,코코넛 밀크,중복 FOOD_CD
P116-701070100-2146,황도2절,중복 FOOD_CD
P116-702070100-0914,냉동 그린빈 컷,중복 FOOD_CD
P116-702070100-0915,냉동 그린빈 파인,중복 FOOD_CD
P116-702070100-0926,냉동 혼합야채 5종,중복 FOOD_CD
P116-702070100-0927,냉동가지튀김,중복 FOOD_CD
P116-702070100-0979,브래디드 어니언링,중복 FOOD_CD
P116-702070100-0985,산사빙탕후루(참깨맛),중복 FOOD_CD
P116-702070100-1015,죽순채,중복 FOOD_CD
P116-702070100-1025,토마토페이스트,중복 FOOD_CD
P116-702070100-1032,포모도리 튜토 솔,중복 FOOD_CD
P116-702070100-1036,표고버섯 홀,중복 FOOD_CD
P116-702070100-1047,헌트 토마토 페이스트,중복 FOOD_CD
P116-702070100-1048,헌트 토마토 퓨레,중복 FOOD_CD
P116-702070100-1071,냉동 그린 아스파라거스 (#606675),중복 FOOD_CD
P116-702070100-1088,냉동 혼합야채,중복 FOOD_CD
P116-702070100-1100,냉동야채튀김,중복 FOOD_CD
P116-702070100-1101,냉동야채튀김 B,중복 FOOD_CD
P116-702070100-1108,냉동혼합야채(4종),중복 FOOD_CD
P116-702070100-1115,다떼리노 토마토,중복 FOOD_CD
P116-702070100-1123,데친 고사리,중복 FOOD_CD
P116-702070100-1136,로스티드 베지터블 멜란지 [#1895773],중복 FOOD_CD
P116-702070100-1145,무띠 찹드 토마토,중복 FOOD_CD
P116-702070100-1146,무띠 토마토 페이스트 더블 콘센트레이티드,중복 FOOD_CD
P116-702070100-1176,사끼 타르투피 트러플 슬라이스,중복 FOOD_CD
P116-702070100-1182,산베니토 토마토 페이스트,중복 FOOD_CD
P116-702070100-1191,생강 페이스트,중복 FOOD_CD
P116-702070100-1194,선별 데침 고구마순,중복 FOOD_CD
P116-702070100-1195,선별 데침 곤드레,중복 FOOD_CD
P116-702070100-1213,아티초크 통조림,중복 FOOD_CD
P116-702070100-1217,양송이 슬라이스,중복 FOOD_CD
P116-702070100-1284,튀긴마늘 후레이크(마늘90%함유),중복 FOOD_CD
P116-702070100-1299,포모도리 필라티 이탈리아니,중복 FOOD_CD
P116-702070100-1303,포미 홀 필드 토마토,중복 FOOD_CD
P116-702070100-1307,표고버섯(채),중복 FOOD_CD
P116-702070100-1614,냉동단호박튀김,중복 FOOD_CD
P116-702070100-1636,베이비 뱀부슈트 인 브라인,중복 FOOD_CD
P116-702070100-1639,솔라니아 산마르자노 토마토,중복 FOOD_CD
P116-702070100-1662,토마토홀,중복 FOOD_CD
P116-702070100-1671,파사타 클라시카,중복 FOOD_CD
P116-702070100-1688,푸룬 홀,중복 FOOD_CD
P116-702070100-1691,피클리셔스 오이 크리스프 [#1946138],중복 FOOD_CD
P116-702070100-1753,냉동혼합야채(4종),중복 FOOD_CD
P116-702070100-1799,야채튀김,중복 FOOD_CD
P116-702070100-1814,죽순(편),중복 FOOD_CD
P116-702070100-1830,표고버섯(채),중복 FOOD_CD
P116-702070100-1831,표고버섯(홀),중복 FOOD_CD
P116-702070100-1866,냉동 얼갈이,중복 FOOD_CD
P116-702070100-1869,냉동 콜리플라워,중복 FOOD_CD
P116-702070100-1870,냉동 혼합야채 4종,중복 FOOD_CD
P116-702070100-1871,냉동 혼합야채 4종(급식용),중복 FOOD_CD
P116-702070100-1891,데침고사리,중복 FOOD_CD
P116-702070100-1892,데침고사리,중복 FOOD_CD
P116-702070100-1893,데침고사리,중복 FOOD_CD
P116-702070100-1896,동죽순(홀),중복 FOOD_CD
P116-702070100-1898,마늘 튀김 슬라이스,중복 FOOD_CD
P116-702070100-1918,삼대오백 통 흑마늘,중복 FOOD_CD
P116-702070100-1927,스팀 단호박,중복 FOOD_CD
P116-702070100-1934,양송이(편),중복 FOOD_CD
P116-702070100-1936,양송이통조림(특편),중복 FOOD_CD
P116-702070100-1939,완두콩칩,중복 FOOD_CD
P116-702070100-1970,튀긴마늘슬라이스(마늘90%함유)500g,중복 FOOD_CD
P116-702070100-1971,튀긴마늘슬라이스(마늘95%함유),중복 FOOD_CD
P116-702070100-2156,탄산아이스,중복 FOOD_CD
P116-702070100-2182,고추부각,중복 FOOD_CD
P116-702070100-2219,냉동 아욱,중복 FOOD_CD
P116-702070100-2238,냉동혼합야채(4종_볶음밥용),중복 FOOD_CD
P116-702070100-2252,대추호두말이,중복 FOOD_CD
P116-702070100-2255,데친 연근,중복 FOOD_CD
P116-702070100-2257,데친연근,중복 FOOD_CD
P116-702070100-2258,데친연근,중복 FOOD_CD
P116-702070100-2259,데친연근 (1kg),중복 FOOD_CD
P116-702070100-2261,데침 고구마순 (1kg x 10ea),중복 FOOD_CD
P116-702070100-2267,데침 고사리,중복 FOOD_CD
P116-702070100-2268,데침 고사리,중복 FOOD_CD
P116-702070100-2269,데침 고사리,중복 FOOD_CD
P116-702070100-2270,데침 고사리,중복 FOOD_CD
P116-702070100-2271,데침 고사리,중복 FOOD_CD
P116-702070100-2272,데침 고사리 (1KG * 10EA),중복 FOOD_CD
P116-702070100-2275,데침 고사리(1KG X 10),중복 FOOD_CD
P116-702070100-2281,데침 취나물,중복 FOOD_CD
P116-702070100-2286,데침고구마줄기,중복 FOOD_CD
P116-702070100-2290,데침고사리,중복 FOOD_CD
P116-702070100-2292,데침고사리,중복 FOOD_CD
P116-702070100-2294,데침연근,중복 FOOD_CD
P116-702070100-2313,망 누아 투이,중복 FOOD_CD
P116-702070100-2345,삶은연근,중복 FOOD_CD
P116-702070100-2346,삶은연근,중복 FOOD_CD
P116-702070100-2349,샐러그린 파우더,중복 FOOD_CD
P116-702070100-2379,양송이 특편,중복 FOOD_CD
P116-702070100-2387,양송이통조림(홀),중복 FOOD_CD
P116-702070100-2394,왕대추 호두말이,중복 FOOD_CD
P116-702070100-2401,자숙연근,중복 FOOD_CD
P116-702070100-2402,자숙연근,중복 FOOD_CD
P116-702070100-2403,자숙연근 (1KG),중복 FOOD_CD
P116-702070100-2405,자숙연근 1KG,중복 FOOD_CD
P116-702070100-2418,죽순통조림(홀),중복 FOOD_CD
P116-702070100-2483,한가네 데침 고사리,중복 FOOD_CD
P116-702070100-2484,한가네 삶은 연근,중복 FOOD_CD
P116-703070300-0499,냉동 가든 피스,중복 FOOD_CD
P116-703070300-0517,땅스 베이크드빈스,중복 FOOD_CD
P116-703070300-0537,마루코메 콩고기(블록타입),중복 FOOD_CD
P116-703070300-0548,발투센 유기농 화이트빈,중복 FOOD_CD
P116-703070300-0590,타마린드 시드리스,중복 FOOD_CD
P116-703070300-0597,한입찐강낭콩,중복 FOOD_CD
P116-703070300-0613,냉동자숙렌틸콩,중복 FOOD_CD
P116-703070300-0614,냉동자숙병아리콩,중복 FOOD_CD
P116-703070300-0615,두부스틱,중복 FOOD_CD
P116-703070300-0617,두유피 튀김,중복 FOOD_CD
P116-703070300-0624,랑카소이 치킨향,중복 FOOD_CD
P116-703070300-0640,베수 렌틸,중복 FOOD_CD
P116-703070300-0675,윈 콩 볶음,중복 FOOD_CD
P116-703070300-0724,간편한 하루 서리태,중복 FOOD_CD
P116-703070300-0793,유부롤,중복 FOOD_CD
P116-703070300-0797,타마린드,중복 FOOD_CD
P116-703070300-0802,라코스테냐 홀 블랙 빈스,중복 FOOD_CD
P116-703070300-0824,땅스 베이크드빈스(420g),중복 FOOD_CD
P116-703070300-0826,라즈드하니 소이 너게츠,중복 FOOD_CD
P116-703070300-0828,맛콩 검은콩,중복 FOOD_CD
P116-703070300-0833,부죽피,중복 FOOD_CD
P116-703070300-0834,분리대두단백,중복 FOOD_CD
P116-703070300-0843,윈 제비콩 볶음,중복 FOOD_CD
P116-703070300-0932,연서네 콩물,중복 FOOD_CD
P116-703070300-0943,진해서 더 고소한 국산콩 콩국물,중복 FOOD_CD
P116-704070400-0378,101해쉬브라운 (043270),중복 FOOD_CD
P116-704070400-0390,감자튀김 슈스트링,중복 FOOD_CD
P116-704070400-0393,고매 케이준 프라이 (036388),중복 FOOD_CD
P116-704070400-0395,냉동 구운 통감자 (239062),중복 FOOD_CD
P116-704070400-0449,스킨 온 10컷 랜치 웨지(반달 감자) 2KG (016366),중복 FOOD_CD
P116-704070400-0454,스킨온 해쉬브라운 큐브,중복 FOOD_CD
P116-704070400-0460,스파이시 코티드 포테이토 웨지,중복 FOOD_CD
P116-704070400-0474,와플 프라이,중복 FOOD_CD
P116-704070400-0477,울트라클리어 스킨온 레귤러컷 (025375),중복 FOOD_CD
P116-704070400-0485,촉촉한 고구마,중복 FOOD_CD
P116-704070400-0505,타이니 트라이앵글(미니삼각해쉬브라운) (283010),중복 FOOD_CD
P116-704070400-0550,해쉬브라운 패티,중복 FOOD_CD
P116-704070400-0572,냉동삶은감자,중복 FOOD_CD
P116-704070400-0582,냉동타로페이스트,중복 FOOD_CD
P116-704070400-0589,더치스 감자,중복 FOOD_CD
P116-704070400-0604,로스티스,중복 FOOD_CD
P116-704070400-0606,마이디벨 웨지스킨온 감자튀김,중복 FOOD_CD
P116-704070400-0608,마이디벨 케이준 감자튀김,중복 FOOD_CD
P116-704070400-0611,매쉬,중복 FOOD_CD
P116-704070400-0651,시즌드 배터드 후라이즈,중복 FOOD_CD
P116-704070400-0663,울트라 크리스피 코티드 레귤러컷,중복 FOOD_CD
P116-704070400-0665,울트라 크리스피 코티드 케이준 감자튀김,중복 FOOD_CD
P116-704070400-0667,웨찌포테이토,중복 FOOD_CD
P116-704070400-0670,카츠 1/4 슈스트링 프렌치 프라이 코팅냉동감자,중복 FOOD_CD
P116-704070400-0687,테이터 토츠,중복 FOOD_CD
P116-704070400-0693,펍스,중복 FOOD_CD
P116-704070400-0778,1/2 크링클 컷,중복 FOOD_CD
P116-704070400-0779,XLF 슈스트링,중복 FOOD_CD
P116-704070400-0802,스테이크컷 프라이,중복 FOOD_CD
P116-704070400-0809,엑스트라크리스피 트레디셔널 핸드컷 스타일 벨지안프라이,중복 FOOD_CD
P116-704070400-0820,웰프리츠 해쉬브라운패티,중복 FOOD_CD
P116-704070400-0824,케이준 프라이,중복 FOOD_CD
P116-704070400-0833,크링클컷,중복 FOOD_CD
P116-704070400-0836,팜프리츠 스위트 포테이토 프라이,중복 FOOD_CD
P116-704070400-0838,포테이토 웨지(반달감자),중복 FOOD_CD
P116-704070400-0868,냉동삶은감자(2KG),중복 FOOD_CD
P116-704070400-0890,스킨온 해쉬브라운-OIF00335A,중복 FOOD_CD
P116-704070400-0906,포테이토치즈고로케,중복 FOOD_CD
P116-704070400-0921,냉동 알감자,중복 FOOD_CD
P116-704070400-0939,"블루리본 3/8"" 크링클 컷 프라이 (줄무늬 감자) (259435)",중복 FOOD_CD
P116-704070400-0943,슈스트링 코티드 프렌치 프라이즈,중복 FOOD_CD
P116-704070400-0944,슈스트링 코팅 감자튀김,중복 FOOD_CD
P116-704070400-0952,웰프리츠 울트라크리스피 테이터펍스,중복 FOOD_CD
P116-704070400-0958,케이준 후라이,중복 FOOD_CD
P116-704070400-0964,테이터 샷 -2kg,중복 FOOD_CD
P116-704070400-0967,프라이타토스 슈스트링,중복 FOOD_CD
P116-704070400-0969,프라이타토스 크링클컷,중복 FOOD_CD
P116-704070400-0972,해쉬브라운 패티,중복 FOOD_CD
P116-704070400-0976,화이니스트 슈스트링 7MM,중복 FOOD_CD
P116-704070400-1048,비셰프 고구마튀김,중복 FOOD_CD
P116-705010200-0016,고마도후노모또 전분,중복 FOOD_CD
P116-705010200-0034,냉동 진주모양 타피오카볼,중복 FOOD_CD
P116-705010200-0063,반풍톰닥빗,중복 FOOD_CD
P116-705060000-0036,파인애플 효소,중복 FOOD_CD
P116-705060000-1272,매실효소,중복 FOOD_CD
P116-705070100-0238,냉동 브로콜리,중복 FOOD_CD
P116-705070100-0239,냉동 블랙베리,중복 FOOD_CD
P116-705070100-0292,냉동채소믹스,중복 FOOD_CD
P116-705070100-0661,트러플 카파쵸,중복 FOOD_CD
P116-705070100-0662,페페로니타 델라카사,중복 FOOD_CD
P116-705070100-0663,하스카프 퓌레,중복 FOOD_CD
P116-705070200-1236,두번 튀겨 더 고소한 맛뻥,중복 FOOD_CD
P116-705070200-1511,프리미엄 뻥튀기 두 번 튀긴 맛뻥,중복 FOOD_CD
P116-705070200-1543,납작한 쌀,중복 FOOD_CD
P116-705070200-1567,리치스 냉동 스위트 콘,중복 FOOD_CD
P116-705070200-1569,리치스 홀 커널 스위트 콘,중복 FOOD_CD
P116-705070200-1589,배터 BM2963B,중복 FOOD_CD
P116-705070200-1608,새우 텐까스,중복 FOOD_CD
P116-705070200-1618,스위트 콘,중복 FOOD_CD
P116-705070200-1621,스위트콘,중복 FOOD_CD
P116-705070200-1636,시즌드 브레딩 BM2964A,중복 FOOD_CD
P116-705070200-1640,썬리 프리미엄 퀄리티 통옥수수,중복 FOOD_CD
P116-705070200-1692,유기농 퀵 오트밀,중복 FOOD_CD
P116-705070200-1726,패밀리아 스위스 오리지날 무슬리,중복 FOOD_CD
P116-705070200-1738,플라하반 슈퍼오트,중복 FOOD_CD
P116-705070200-1745,플라하반 포리지 오트 유기농,중복 FOOD_CD
P116-705070200-1764,누룽지,중복 FOOD_CD
P116-705070200-1770,러브 크런치 다크초코 앤 피넛버터,중복 FOOD_CD
P116-705070200-1772,러브크런치 다크초콜릿 헤이즐넛버터,중복 FOOD_CD
P116-705070200-1773,레마디,중복 FOOD_CD
P116-705070200-1774,로건픽스,중복 FOOD_CD
P116-705070200-1776,말쯔울민,중복 FOOD_CD
P116-705070200-1783,바이킹 믹스 케이,중복 FOOD_CD
P116-705070200-1805,위트빅스 바이트 초코 크런치,중복 FOOD_CD
P116-705070200-1813,코알라 크리스피,중복 FOOD_CD
P116-705070200-1816,콘그리츠,중복 FOOD_CD
P116-705070200-1819,텐까스,중복 FOOD_CD
P116-705070200-1841,플라하반 퀵오트 골든시럽,중복 FOOD_CD
P116-705070200-2087,퀘이커 오츠(4.52KG),중복 FOOD_CD
P116-705070200-2090,폴셀리 라 로마나 / 25KG,중복 FOOD_CD
P116-705070200-2091,플라하반 아이리쉬 포리지 오트밀,중복 FOOD_CD
P116-705070200-2231,울머 안프리쉬 사우어,중복 FOOD_CD
P116-705070200-2241,쿠룸쿠룸 치우라(450g),중복 FOOD_CD
P116-705070200-2401,건조 카다이프,중복 FOOD_CD
P116-705070200-2408,구운 카다이프,중복 FOOD_CD
P116-705070200-2411,구운 카다이프,중복 FOOD_CD
P116-705070200-2415,구운 카다이프,중복 FOOD_CD
P116-705070200-2435,내츄라비 에스,중복 FOOD_CD
P116-705070200-2462,맥아 추출물,중복 FOOD_CD
P116-705070200-2464,메밀가루 프리믹스 에이,중복 FOOD_CD
P116-705070200-2477,볶은 카다이프,중복 FOOD_CD
P116-705070200-2479,볶은 카다이프,중복 FOOD_CD
P116-705070200-2484,볶음메밀가루 1호,중복 FOOD_CD
P116-705070200-2486,봇반세오,중복 FOOD_CD
P116-705070200-2512,쌀가루,중복 FOOD_CD
P116-705070200-2517,썬스위트노랑옥수수 더블,중복 FOOD_CD
P116-705070200-2528,영콘홀,중복 FOOD_CD
P116-705070200-2533,오즈텔 구운 카다이프,중복 FOOD_CD
P116-705070200-2556,제뉘 베르데,중복 FOOD_CD
P116-705070200-2566,찹쌀라티오,중복 FOOD_CD
P116-705070200-2574,카다이프,중복 FOOD_CD
P116-705070200-2600,필로 에이플러스 카다이프면,중복 FOOD_CD
P116-705070500-0424,시로쥰 네리고마,중복 FOOD_CD
P116-705070500-0440,네리고마,중복 FOOD_CD
P116-705070500-0652,6곡요(쌀누룩 발효 비건 요거트),중복 FOOD_CD
P116-705070500-0664,대추요(쌀누룩 빌효 비건 요거트),중복 FOOD_CD
P116-705070500-0683,쌀이요(쌀누룩 발효 비건 요거트),중복 FOOD_CD
P116-705070500-0696,현미요(쌀누룩 발효 비건 요거트),중복 FOOD_CD
P116-706070200-0028,빵가루(밀가루 60.57%),중복 FOOD_CD
P116-706070200-0041,참빵가루(백색건조)(10KG),중복 FOOD_CD
P116-706070200-0047,독일건빵가루H,중복 FOOD_CD
P116-706070200-0048,독일건빵가루H,중복 FOOD_CD
P116-706070200-0049,독일건빵가루O,중복 FOOD_CD
P116-708070200-0162,도야지식품 튀김가루,중복 FOOD_CD
P116-708070200-0256,크라프트 플러스 믹스,중복 FOOD_CD
P116-708070200-0258,클래식 도넛 믹스,중복 FOOD_CD
P116-708070200-0260,프레시 도넛 믹스,중복 FOOD_CD
P116-708070200-0262,히로시마풍 오코믹스,중복 FOOD_CD
P116-708070200-0280,크라프트콘 믹스,중복 FOOD_CD
P116-709070200-0034,그린자이언트 니블렛 스위트콘 오리지날 (7003900009),중복 FOOD_CD
P116-709070200-0037,냉동 옥수수 슬라이스(절단옥수수),중복 FOOD_CD
P116-709070200-0056,스위트콘,중복 FOOD_CD
P116-709070200-0077,구운 옥수수,중복 FOOD_CD
P116-709070200-0086,스위트 옥수수,중복 FOOD_CD
P116-709070200-0087,스위트콘,중복 FOOD_CD
P116-709070200-0103,냉동 절단옥수수,중복 FOOD_CD
P116-709070200-0104,냉동삶은옥수수,중복 FOOD_CD
P116-709070200-0113,리치스 홀 커널 스위트 콘(2950G),중복 FOOD_CD
P116-709070200-0121,스위트콘,중복 FOOD_CD
P116-709070200-0157,냉동옥수수(삶은옥수수)(16KG),중복 FOOD_CD
P116-712070100-0060,프리미엄 동결건조 새콤달콤 딸기칩,중복 FOOD_CD
P116-712070100-0105,건조무화과다이스(10kg  5x7mm),중복 FOOD_CD
P116-712070100-0107,동결건조 딸기,중복 FOOD_CD
P117-100010100-0195,피그인더가든 직화구이 닭가슴살 블랙페퍼,중복 FOOD_CD
P117-100010100-0196,피그인더가든 직화구이 닭가슴살 프리미어,중복 FOOD_CD
P117-100010100-0498,그릭슈바인 로스트치킨 버터갈릭 오븐구이,중복 FOOD_CD
P117-100010100-0499,그릭슈바인 로스트치킨 히말라야 소금구이,중복 FOOD_CD
P117-100010100-0751,던컨 촙트햄,중복 FOOD_CD
P117-100010100-1308,마늘오리훈제,중복 FOOD_CD
P117-100010100-1326,삼겹보쌈,중복 FOOD_CD
P117-100010100-1586,흑마늘왕족발,중복 FOOD_CD
P117-100010100-1669,The더건강한저당닭가슴살데리야끼맛,중복 FOOD_CD
P117-100010100-1777,BBQ 오븐구이 닭다리살(자메이카),중복 FOOD_CD
P117-100010100-1805,리얼프라이스 토마토 닭가슴살,중복 FOOD_CD
P117-100010100-1842,컨츄리덕 순수 훈제,중복 FOOD_CD
P117-100010100-1881,만족오향사태족발슬라이스,중복 FOOD_CD
P117-100010100-1931,아질산나트륨 무첨가 잠봉,중복 FOOD_CD
P117-100010100-1951,프레시덕 훈제슬라이스,중복 FOOD_CD
P117-100010100-1970,실온보관 돼지안심 갓돼 갈비맛,중복 FOOD_CD
P117-100010100-1971,실온보관 돼지안심 갓돼 고추참치맛,중복 FOOD_CD
P117-100010100-1972,실온보관 돼지안심 갓돼 마일드,중복 FOOD_CD
P117-100010100-1981,오빠닭 고단백 소스 닭가슴살 소이갈릭맛,중복 FOOD_CD
P117-100010100-1982,오빠닭 고단백 소스 닭가슴살 숯불바베큐맛,중복 FOOD_CD
P117-100010100-1984,이지잇 닭가슴살 불닭맛,중복 FOOD_CD
P117-100010100-2005,9無 자연키움 훈제오리,중복 FOOD_CD
P117-100010100-2023,잇메이트 훈제 닭가슴살 저염,중복 FOOD_CD
P117-100010100-2024,잇메이트 훈제 닭가슴살 저염,중복 FOOD_CD
P117-100010200-0187,하몽 이베리코 베요타,중복 FOOD_CD
P117-100010200-0199,하몽 데 베요타 100% 이베리코 핸드카빙,중복 FOOD_CD
P117-100010200-0200,하몽 데 베요타 이베리코 핸드카빙,중복 FOOD_CD
P117-100010200-0202,하몽 데 세보 이베리코,중복 FOOD_CD
P117-100010200-0205,하몽이베리코햄(1066),중복 FOOD_CD
P117-100010200-0210,프리어스 프로슈토 카스텔로 1/2,중복 FOOD_CD
P117-100010200-0217,판체타(PANCETTA),중복 FOOD_CD
P117-100010300-0009,The더건강한구이햄,중복 FOOD_CD
P117-100010300-0048,동원 그릴리 직화델리햄,중복 FOOD_CD
P117-100010300-0113,세절김밥속햄,중복 FOOD_CD
P117-100010300-0161,잠봉햄,중복 FOOD_CD
P117-100010300-0281,육공육등심슬라이스,중복 FOOD_CD
P117-100010300-0358,장충동 오리쌈,중복 FOOD_CD
P117-100010300-0372,롯데스모크프레스햄,중복 FOOD_CD
P117-100010300-0382,맛닭가슴살 마라맛,중복 FOOD_CD
P117-100010300-0383,맛닭가슴살 바베큐맛,중복 FOOD_CD
P117-100010300-0389,불고기맛 후랑크,중복 FOOD_CD
P117-100010300-0432,그릴리 직화 트러플 도이치햄,중복 FOOD_CD
P117-100010300-0436,단백가득 닭가슴살바 청양고추,중복 FOOD_CD
P117-100010300-0441,동원 그릴리 직화델리햄 김밥용,중복 FOOD_CD
P117-100010300-0585,The더건강한밥싸먹는햄,중복 FOOD_CD
P117-100010300-0705,초피드포크,중복 FOOD_CD
P117-100010300-0727,핫스파이시후랑크,중복 FOOD_CD
P117-201020100-0005,MB NEW콤보그릴소시지,중복 FOOD_CD
P117-201020100-0091,네니아 자연소시지,중복 FOOD_CD
P117-201020100-0158,동원미니비엔나실속,중복 FOOD_CD
P117-201020100-0214,마늘소시지,중복 FOOD_CD
P117-201020100-0318,빌 소시지,중복 FOOD_CD
P117-201020100-0468,존쿡델리미트 킬바사,중복 FOOD_CD
P117-201020100-0497,청정원 리치부어스트 치즈&amp;오레가노,중복 FOOD_CD
P117-201020100-0531,캠프&하우스 칼집 그릴비엔나,중복 FOOD_CD
P117-201020100-0562,킬바사모듬소시지,중복 FOOD_CD
P117-201020100-0582,포크소시지,중복 FOOD_CD
P117-201020100-0657,허닭닭가슴살비엔나트리플치즈,중복 FOOD_CD
P117-201020100-0677,휠터치,중복 FOOD_CD
P117-201020100-0684,96칼집비엔나,중복 FOOD_CD
P117-201020100-0687,MB 생활소시지,중복 FOOD_CD
P117-201020100-0688,MB 청양고추맛그릴소시지,중복 FOOD_CD
P117-201020100-0689,MB 카레맛그릴소시지,중복 FOOD_CD
P117-201020100-0728,동물복지 돼지로 만든 후랑크,중복 FOOD_CD
P117-201020100-0807,수제모듬소시지,중복 FOOD_CD
P117-201020100-1019,990비엔나,중복 FOOD_CD
P117-201020100-1038,그릭슈바인육즙가득부어스트바질,중복 FOOD_CD
P117-201020100-1039,그릭슈바인육즙가득부어스트스모크,중복 FOOD_CD
P117-201020100-1390,스모크드 브랏,중복 FOOD_CD
P117-201020100-1425,육즙가득부어스트진한치즈,중복 FOOD_CD
P117-201020100-1481,하이 비엔나 소시지,중복 FOOD_CD
P117-201020100-1523,갈비맛소시지Ⅰ,중복 FOOD_CD
P117-201020100-1567,롱빌소시지,중복 FOOD_CD
P117-201020100-1582,불갈비맛소시지Ⅰ,중복 FOOD_CD
P117-201020100-1707,류비텔리스카야,중복 FOOD_CD
P117-201020100-1716,바이스 부어스트 와흘,중복 FOOD_CD
P117-201020100-1920,초리조 부어스트 교래,중복 FOOD_CD
P117-201020100-1921,초리조 부어스트 교래,중복 FOOD_CD
P117-201020100-2129,페퍼슁켄,중복 FOOD_CD
P117-201020100-2139,초리조 팜플로나 엑스트라 슬라이스,중복 FOOD_CD
P117-201020100-2172,990 핫바 닭가슴살,중복 FOOD_CD
P117-201020100-2173,990 핫바 청양고추,중복 FOOD_CD
P117-201020100-2174,990 핫바 치즈,중복 FOOD_CD
P117-201020100-2211,애햄 소시지 (오리지널),중복 FOOD_CD
P117-201020100-2219,달달 광동 소시지(???味腸),중복 FOOD_CD
P117-201020100-2227,세블락소시지SB,중복 FOOD_CD
P117-201020100-2236,큐큐창버섯맛(QQ腸磨?味),중복 FOOD_CD
P117-201020100-2237,큐큐창옥수수맛(QQ腸玉米味),중복 FOOD_CD
P117-201020100-2238,큐큐창즈란맛(QQ腸孜然味),중복 FOOD_CD
P117-300030000-0153,프리어스 프루슈틱스펙 베이컨,중복 FOOD_CD
P117-400040000-0223,일품 쇠고기육포,중복 FOOD_CD
P117-400040000-0224,일품 육포,중복 FOOD_CD
P117-400040000-0233,참나무 바베큐 직화육포,중복 FOOD_CD
P117-400040000-0249,한입우육포,중복 FOOD_CD
P117-400040000-0279,참 맛좋은 원육포,중복 FOOD_CD
P117-400040000-0282,초이스육포,중복 FOOD_CD
P117-501050100-0018,더 얇아서 맛있는 오리주물럭 매운맛,중복 FOOD_CD
P117-501050100-0019,더 얇아서 맛있는 오리주물럭 불고기맛,중복 FOOD_CD
P117-501050100-0945,오븐구이 닭다리살,중복 FOOD_CD
P117-501050100-0968,육쌈숯불맛불고기,중복 FOOD_CD
P117-501050100-1092,훌랄라 데리야끼 숯불바베큐치킨,중복 FOOD_CD
P117-501050100-1093,훌랄라 매콤 숯불바베큐치킨,중복 FOOD_CD
P117-501050100-1115,백두대간 한돈 한입간장불고기,중복 FOOD_CD
P117-501050100-1202,칼집 돈왕구이,중복 FOOD_CD
P117-501050100-1731,해처럼 언양식 석쇠 한우불고기,중복 FOOD_CD
P117-501050100-1738,홈클로부드러운부채살구이,중복 FOOD_CD
P117-501050100-1749,맛기픈 제주 간장불고기,중복 FOOD_CD
P117-501050100-1751,1등급 한우양념소불고기,중복 FOOD_CD
P117-501050100-1778,전처리갈비살,중복 FOOD_CD
P117-501050100-1919,매콤 수제양념왕구이용 1988,중복 FOOD_CD
P117-501050100-1962,백두대간 맛있는 한입왕구이,중복 FOOD_CD
P117-501050100-1992,삼겹 차슈,중복 FOOD_CD
P117-501050100-2184,직화 한우 소곱창,중복 FOOD_CD
P117-501050100-2185,직화 한우 소곱창·염통,중복 FOOD_CD
P117-501050100-2297,한우양념소불고기,중복 FOOD_CD
P117-501050100-2363,강원도식 떡사리 닭갈비,중복 FOOD_CD
P117-501050100-2575,숯불 가득 고추장불고기,중복 FOOD_CD
P117-501050100-2754,효자동 소갈비살,중복 FOOD_CD
P117-501050100-3011,백두대간 한돈 한입매콤불고기,중복 FOOD_CD
P117-501050100-3185,옛날 생막창,중복 FOOD_CD
P117-501050100-3485,돼지왕구이,중복 FOOD_CD
P117-501050100-3641,숯불양념치킨,중복 FOOD_CD
P117-501050100-3865,한우언양식소불고기,중복 FOOD_CD
P117-501050100-4169,만족오향불족발,중복 FOOD_CD
P117-501050100-4241,수입산 소대창,중복 FOOD_CD
P117-501050100-4327,제로슈가 춘천식 닭갈비,중복 FOOD_CD
P117-501050100-4332,종로식 순살 마늘 닭볶음탕,중복 FOOD_CD
P117-501050100-4469,단지갈비,중복 FOOD_CD
P117-501050100-4641,양념돼지갈비,중복 FOOD_CD
P117-501050100-4722,통큰제주등뼈찜1.2kg (냉동),중복 FOOD_CD
P117-501050100-4733,직화닭목살구이,중복 FOOD_CD
P117-501050100-4809,한입 닭가슴살 오리지널,중복 FOOD_CD
P117-501050100-4853,숯불직화구이 닭다리살,중복 FOOD_CD
P117-501050100-4859,핫 윙스틱,중복 FOOD_CD
P117-501050100-4894,양념로인립,중복 FOOD_CD
P117-501050100-4922,미쁘미 발효숙성 국내산돼지갈비찜,중복 FOOD_CD
P117-501050100-4923,미쁘미발효숙성국내산LA식돼지갈비,중복 FOOD_CD
P117-501050100-4937,버팔로 치킨윙,중복 FOOD_CD
P117-501050100-4949,제로당 닭발(무뼈 덜매운맛),중복 FOOD_CD
P117-501050100-4967,시즈닝목살스테이크,중복 FOOD_CD
P117-501050100-4968,시즈닝부채스테이크,중복 FOOD_CD
P117-501050100-4969,시즈닝살치살스테이크,중복 FOOD_CD
P117-501050100-4970,시즈닝삼겹살스테이크,중복 FOOD_CD
P117-501050100-4973,시즈닝채끝스테이크,중복 FOOD_CD
P117-501050100-4974,시즈닝척아이롤스테이크,중복 FOOD_CD
P117-501050100-5008,직화고추장불고기,중복 FOOD_CD
P117-501050100-5011,직화돼지오돌뼈구이,중복 FOOD_CD
P117-501050100-5048,한수위 미니족발(슬라이스),중복 FOOD_CD
P117-501050100-5050,한우소불고기,중복 FOOD_CD
P117-501050100-5070,1등급 오븐에 구워먹는 떡말이,중복 FOOD_CD
P117-501050100-5091,고추장뒷고기(냉동),중복 FOOD_CD
P117-501050100-5112,달콤담백한 언양식 돈불고기(냉동),중복 FOOD_CD
P117-501050100-5124,닭발만찬 소금닭목살,중복 FOOD_CD
P117-501050100-5178,모아미트 키위퓨레가 들어간 수제양념 LA갈비,중복 FOOD_CD
P117-501050100-5183,미쁘미 발효숙성 광양식돼지왕갈비,중복 FOOD_CD
P117-501050100-5189,미쁘미 발효숙성오리불고기,중복 FOOD_CD
P117-501050100-5220,버팔로 윙봉,중복 FOOD_CD
P117-501050100-5236,삶은 볼살,중복 FOOD_CD
P117-501050100-5284,양념돼지목살구이,중복 FOOD_CD
P117-501050100-5301,올데이 버팔로윙,중복 FOOD_CD
P117-501050100-5321,자연별곡 고추장 삼겹살 주물럭,중복 FOOD_CD
P117-501050100-5322,자연별곡 시즈닝 칼집 삼겹살,중복 FOOD_CD
P117-501050100-5350,초록햇살 한돈고추장 제육볶음,중복 FOOD_CD
P117-501050100-5375,프리미엄 Fresh 한우 1++ 양념소불고기,중복 FOOD_CD
P117-501050100-5574,소금닭목살,중복 FOOD_CD
P117-501050100-5600,양념닭목살,중복 FOOD_CD
P117-501050100-5640,오돌뼈,중복 FOOD_CD
P117-501050100-5645,오븐매콤꼬치,중복 FOOD_CD
P117-501050100-5661,원카츠 짜글이 제육볶음,중복 FOOD_CD
P117-501050100-5705,춘천식 철판 닭갈비,중복 FOOD_CD
P117-501050100-5707,춘풍접객 앞다리순살족발,중복 FOOD_CD
P117-501050100-5776,HL 삼겹 오븐구이,중복 FOOD_CD
P117-501050100-5807,곱창파는청년들 삶은 소깐양,중복 FOOD_CD
P117-501050100-5869,미쓰족발 슬라이스(냉장),중복 FOOD_CD
P117-501050100-5979,엘에이식 소갈비,중복 FOOD_CD
P117-501050100-6109,버팔로 윙,중복 FOOD_CD
P117-501050100-6111,올데이 버팔로 스틱,중복 FOOD_CD
P117-502050200-0106,식자재왕 치킨팝콘,중복 FOOD_CD
P117-502050200-0195,고추한입치킨,중복 FOOD_CD
P117-502050200-0205,기막힌밥상 궁중 함박(정통),중복 FOOD_CD
P117-502050200-0229,딤섬 언양식 바싹 불고기,중복 FOOD_CD
P117-502050200-0230,또잇치킨,중복 FOOD_CD
P117-502050200-0236,마라닭가슴살오징어,중복 FOOD_CD
P117-502050200-0269,샐러디 비프패티,중복 FOOD_CD
P117-502050200-0272,오브닝더바삭 속초식 닭강정,중복 FOOD_CD
P117-502050200-0278,순살후라이드,중복 FOOD_CD
P117-502050200-0279,쉐프컬렉션 빠삭 멘치카츠,중복 FOOD_CD
P117-800060000-0056,The 다맛 감자탕,중복 FOOD_CD
P117-800060000-0077,맛집여행 특 감자탕,중복 FOOD_CD
P117-800060000-0101,영양갈비탕,중복 FOOD_CD
P117-800060000-0180,봄날애감자탕,중복 FOOD_CD
P117-800060000-0193,한우설렁탕,중복 FOOD_CD
P117-800060000-0230,이조금강육개장,중복 FOOD_CD
P117-800060000-0446,한우대파육개장,중복 FOOD_CD
P117-800060000-0447,얼큰사골육개장,중복 FOOD_CD
P117-800060000-0674,월심당 한약재 없는 흑염소진액,중복 FOOD_CD
P117-800060000-0916,BS 돈골농축액,중복 FOOD_CD
P117-800060000-0968,바른농장 천년품은 흑염소 진액,중복 FOOD_CD
P117-800060000-0971,부강옥명품사골육수,중복 FOOD_CD
P117-800060000-0980,사골추출물,중복 FOOD_CD
P117-800060000-1006,원기담은 흑염소진액,중복 FOOD_CD
P117-800060000-1080,맛있는 특 소갈비탕,중복 FOOD_CD
P117-800060000-1102,착한들 한우담은 설렁탕,중복 FOOD_CD
P117-800060000-1116,흑백기사 백기사 염소진액스틱,중복 FOOD_CD
P117-800060000-1117,흑백기사 흑기사 염소진액스틱,중복 FOOD_CD
P117-800060000-1120,The귀한 뼈없는 갈비탕,중복 FOOD_CD
P117-800060000-1129,대성 한우곱창전골,중복 FOOD_CD
P117-800060000-1148,소갈비찜,중복 FOOD_CD
P117-800060000-1175,함평천지한우 나주식곰탕,중복 FOOD_CD
P117-800060000-1255,강창구 진 육수,중복 FOOD_CD
P117-800060000-1256,경복궁 영양 삼계탕,중복 FOOD_CD
P117-800060000-1286,압도적 선지해장국,중복 FOOD_CD
P117-800060000-1287,압도적 양평선지해장국,중복 FOOD_CD
P117-800060000-1311,이문곰탕,중복 FOOD_CD
P117-800060000-1327,청춘참우돈육수,중복 FOOD_CD
P117-800060000-1328,파로 삼계탕,중복 FOOD_CD
P117-800080000-0023,미즈황푸드 통등심 왕돈가스,중복 FOOD_CD
P117-800080000-0361,닭가슴살 양배추쌈 매운맛(280G),중복 FOOD_CD
P117-800080000-0362,닭가슴살 양배추쌈(280g),중복 FOOD_CD
P117-800080000-0483,임실치즈 소고기큐브,중복 FOOD_CD
P117-800080000-0512,닭고기(가슴살)양배추롤 매운맛,중복 FOOD_CD
P117-800080000-0561,베스트코 치즈치킨까스,중복 FOOD_CD
P117-800080000-0566,오리피,중복 FOOD_CD
P117-800080000-0662,베스트코 알뜰치즈등심돈까스,중복 FOOD_CD
P119-202040200-0452,장앤미 사과,중복 FOOD_CD
P119-202040200-0522,위솔루션,중복 FOOD_CD
P119-202040200-0554,헬리코박터 프로젝트 윌(Will) 오리지널,중복 FOOD_CD
P119-202040200-0555,헬리코박터 프로젝트 윌(Will) 저지방,중복 FOOD_CD
P119-202040200-0767,리얼 슬로우 요거트  딸기,중복 FOOD_CD
P119-202040200-0768,리얼 슬로우 요거트  복숭아,중복 FOOD_CD
P119-202040200-0769,리얼 슬로우 요거트 플레인,중복 FOOD_CD
P119-202040200-0871,계곡산양유요구르트,중복 FOOD_CD
P119-202040200-0928,불가리스 유당 제로 요거트 딸기,중복 FOOD_CD
P119-202040200-0929,불가리스 유당 제로 요거트 복숭아,중복 FOOD_CD
P119-202040200-0930,불가리스 유당 제로 플레인,중복 FOOD_CD
P119-202040200-1034,무가당 요거트,중복 FOOD_CD
P119-202040200-1134,비채로 플레인 그릭요거트,중복 FOOD_CD
P119-202040200-1147,쑤즈마,중복 FOOD_CD
P119-202040200-1195,카트크,중복 FOOD_CD
P119-202040200-1234,랴젠카,중복 FOOD_CD
P119-202040200-1257,스네조크,중복 FOOD_CD
P119-202040200-1458,그릭 요거트 무지방,중복 FOOD_CD
P119-202040200-1490,그릭앤조이 두바이 초코 그릭요거트,중복 FOOD_CD
P119-202040200-1603,요즘 그릭요거트 아사이볼,중복 FOOD_CD
P119-202040200-1611,위&장 듀얼 요거트,중복 FOOD_CD
P119-204020400-0545,웡카 초콜릿 드링크,중복 FOOD_CD
P119-204020400-0713,맛있는 우유 초코,중복 FOOD_CD
P119-204020400-0795,더단백드링크 멜론,중복 FOOD_CD
P119-204020400-0802,마카다미아가 함유된 초코우유,중복 FOOD_CD
P119-401040100-0078,매일아침 튼튼 플러스 플레인,calories 빈값/파싱실패
P119-401040100-0124,비피더스블루베리,중복 FOOD_CD
P119-401040100-0309,액티비아 프로바이오틱 스무디 골드키위사과,중복 FOOD_CD
P119-401040100-0383,요플레 라이트,중복 FOOD_CD
P119-401040100-0385,요플레 라이트 슈퍼베리,중복 FOOD_CD
P119-401040100-0409,서울우유요거트 프로바이오틱스 블루베리,중복 FOOD_CD
P119-401040100-0410,서울우유요거트 프로바이오틱스 사과,중복 FOOD_CD
P119-401040100-0469,플레인 드링킹 요거트,중복 FOOD_CD
P119-401040100-0512,서울우유요거트 프로바이오틱스 플레인,중복 FOOD_CD
P119-401040100-0524,부산우유 비피더스 블루베리,중복 FOOD_CD
P119-401040100-0559,더블제로 액티비아 병 그린플레인,중복 FOOD_CD
P119-401040100-0560,더블제로 액티비아 병 청사과,중복 FOOD_CD
P119-603060300-0003,빙수용 시그니처 연유,중복 FOOD_CD
P119-701070200-0029,챌린지 휘핑크림,중복 FOOD_CD
P119-900090100-0367,펠렛치즈O,중복 FOOD_CD
P119-900090100-0368,펠렛치즈P,중복 FOOD_CD
P119-900090100-0453,라라코스트치즈,중복 FOOD_CD
P119-900090100-0553,펠렛치즈F,중복 FOOD_CD
P119-900090100-0554,펠렛치즈G,중복 FOOD_CD
P119-900090100-0699,모짜렐라 스트링치즈,중복 FOOD_CD
P119-900090100-1172,마스카포네 250G,중복 FOOD_CD
P119-900090100-1175,마스카포네 치즈(500G),중복 FOOD_CD
P119-900090100-1309,브리에뜨 크리미 엔 버터리 레드,중복 FOOD_CD
P119-900090100-1533,크림치즈 갈릭앤허브,중복 FOOD_CD
P119-900090100-1578,파르미지아노 레지아노 (200g),중복 FOOD_CD
P119-900090100-1743,갈바니모짜렐라치즈,중복 FOOD_CD
P119-900090100-1755,그란 모라비아,중복 FOOD_CD
P119-900090100-1856,일드 프랑스 미니 브리 치즈 (25g),중복 FOOD_CD
P119-900090100-1882,파르미지아노 레지아노,중복 FOOD_CD
P119-900090100-1883,파르미지아노 레지아노 700G 24개월,중복 FOOD_CD
P119-900090100-1890,폴리 벌크 크림치즈,중복 FOOD_CD
P119-900090100-1930,마일드 체다 치즈,중복 FOOD_CD
P119-900090100-1935,모짜렐라 125g,중복 FOOD_CD
P119-900090100-1958,빔스터 고트 치즈,중복 FOOD_CD
P119-900090100-1969,슈라이버 뉴샤텔 치즈,중복 FOOD_CD
P119-900090100-1988,올드 월드 체다,중복 FOOD_CD
P119-900090100-2005,콜비 엔 몬트리 잭,중복 FOOD_CD
P119-900090100-2026,피오르디라테 1kg,중복 FOOD_CD
P119-900090100-2038,그라나 파다노,중복 FOOD_CD
P119-900090100-2070,쁘띠 다피누아 더블크림 치즈,중복 FOOD_CD
P119-900090100-2071,소프트 화이트 치즈,중복 FOOD_CD
P119-900090100-2073,쉘랄 치즈,중복 FOOD_CD
P119-900090100-2120,페타 화이트 치즈,중복 FOOD_CD
P119-900090100-2126,푸름 당베르 라 카반,중복 FOOD_CD
P119-900090100-2265,그뤼에르 드 프랑스,중복 FOOD_CD
P119-900090100-2266,꺄레,중복 FOOD_CD
P119-900090100-2268,꽁떼 36,중복 FOOD_CD
P119-900090100-2284,브리미 모짜렐라 100g,중복 FOOD_CD
P119-900090100-2287,브리미 모짜렐린,중복 FOOD_CD
P119-900090100-2289,쁘띠 까망베르,중복 FOOD_CD
P119-900090100-2290,쁘띠 다피누아 트리플 크림치즈,중복 FOOD_CD
P119-900090100-2305,크림치즈,중복 FOOD_CD
P119-900090100-2306,크림치즈 - (40025339),중복 FOOD_CD
P119-900090200-0213,클릭유 체다슬라이스치즈 1800c,중복 FOOD_CD
P119-900090200-0299,상하치즈 더블업 체다 슬라이스,중복 FOOD_CD
P119-900090200-0462,더블베리 크림치즈,중복 FOOD_CD
P119-900090200-0467,메이플 레이즌 월넛 크림치즈,중복 FOOD_CD
P119-900090200-0472,바질어니언 크림치즈,중복 FOOD_CD
P119-900090200-0481,파 크림치즈,중복 FOOD_CD
P119-900090200-0482,플레인 크림치즈,중복 FOOD_CD
P119-900090200-0486,허니갈릭 크림치즈,중복 FOOD_CD
P119-900090200-0767,가을 밤 크림치즈,중복 FOOD_CD
P119-900090200-0779,끼리크림치즈 (200G),중복 FOOD_CD
P119-900090200-0822,끼리 딥 앤 크런치 플레인 (35G),중복 FOOD_CD
P119-900090200-0823,끼리크림치즈 (1KG),중복 FOOD_CD
P119-901140000-0007,초유 산양유 단백질 분말,중복 FOOD_CD
P119-901140000-0097,사우어 크림,중복 FOOD_CD
P119-901140000-0102,냉동 치즈밀크,중복 FOOD_CD
P119-901140000-0107,비발렌테 골드,중복 FOOD_CD
P119-901140000-0109,듀오 휩,중복 FOOD_CD
P119-901140000-0117,서울우유 바리스타즈 휘핑크림,중복 FOOD_CD
P119-901140000-0125,래핑카우 오리지널 (8P 120g),중복 FOOD_CD
P120-100010500-0002,간식소시지,중복 FOOD_CD
P120-100010500-0040,뽀로로키즈두부봉치즈,중복 FOOD_CD
P120-100010500-0051,오리지날따봉,중복 FOOD_CD
P120-100010500-0059,천하장사건강하닭,중복 FOOD_CD
P120-100010500-0060,천하장사오리지날,중복 FOOD_CD
P120-100010500-0062,천하장사큐,중복 FOOD_CD
P120-100010500-0066,치즈따봉,중복 FOOD_CD
P120-100010500-0111,Jinju 천하장사 콰트로치즈,중복 FOOD_CD
P120-100010500-0113,간식 소시지 치즈맛,중복 FOOD_CD
P120-100010500-0191,더블링 뿌링치즈,중복 FOOD_CD
P120-100010500-0192,더블링 한입 콰트로치즈,중복 FOOD_CD
P120-100010500-0199,천하장사 The 건강하닭(온라인700g  1200g),중복 FOOD_CD
P120-100010500-0201,천하장사 한입 오리지날,중복 FOOD_CD
P120-100010500-0207,콘치즈천하장사(ChunHaJangSa Corn Cheese),중복 FOOD_CD
P120-100010600-0156,피시스낵 스파이스맛,중복 FOOD_CD
P120-100010600-0201,집게다리맛살튀김(집게다리4%함유),중복 FOOD_CD
P120-100010600-0202,집게다리튀김(집게다리4.2%함유),중복 FOOD_CD
P120-100010600-0204,청대구 생선까스,중복 FOOD_CD
P120-100010600-0212,피쉬스낵 바베큐맛,중복 FOOD_CD
P120-100010600-0233,냉동 팡가시우스 큐브,중복 FOOD_CD
P120-100010600-0234,냉동 팡가시우스 큐브,중복 FOOD_CD
P120-100010600-0235,냉동생선까스,중복 FOOD_CD
P120-100010600-0236,동태전,중복 FOOD_CD
P120-100010600-0250,피쉬스낵 핫 칠리 플레이버,중복 FOOD_CD
P120-100010600-0256,냉동 옥수수 어육 스틱,중복 FOOD_CD
P120-100010600-0283,냉동 집게다리튀김,중복 FOOD_CD
P120-100010600-0301,새우가마보꼬어묵바,중복 FOOD_CD
P120-100010600-0314,위더우푸,중복 FOOD_CD
P120-100010600-0316,치즈보(피쉬볼),중복 FOOD_CD
P120-100010600-0325,해물가마보꼬어묵바,중복 FOOD_CD
P120-104010400-0155,새참바골드,중복 FOOD_CD
P120-104010400-0392,부산어묵 야채미니사각2,중복 FOOD_CD
P120-104010400-0421,새우동그랑땡,중복 FOOD_CD
P120-104010400-0512,진 일품세트,중복 FOOD_CD
P120-104010400-1411,핫바(냉동),중복 FOOD_CD
P120-104010400-1429,갈매기꼬치어묵75 (냉동),중복 FOOD_CD
P120-104010400-1584,나루토마끼,중복 FOOD_CD
P120-104010400-1588,대게맛살(S),중복 FOOD_CD
P120-104010400-1590,두부모양피쉬볼,중복 FOOD_CD
P120-104010400-1628,아카가마보코,중복 FOOD_CD
P120-104010400-1633,에비버거,중복 FOOD_CD
P120-104010400-1645,유도우푸향라웨이,중복 FOOD_CD
P120-104010400-1649,이로쿠시텐,중복 FOOD_CD
P120-104010400-1654,이자카야상노오덴후쿠로,중복 FOOD_CD
P120-104010400-1656,진맛살,중복 FOOD_CD
P120-104010400-1661,카툰스타일피쉬볼,중복 FOOD_CD
P120-104010400-1667,크랩피쉬볼,중복 FOOD_CD
P120-104010400-1669,판다모양피쉬볼,중복 FOOD_CD
P120-104010400-1670,푸치 오사카나 아쯔아게,중복 FOOD_CD
P120-104010400-1677,훈와리산카쿠아게,중복 FOOD_CD
P120-104010400-1683,나루토마키(핑크),중복 FOOD_CD
P120-104010400-1695,룽샤츄,중복 FOOD_CD
P120-104010400-1723,코다와리 이자카야 세트,중복 FOOD_CD
P120-104010400-1729,프리미엄 게맛살(세절형),중복 FOOD_CD
P120-104010400-1977,냉동 가니카마 크래미 (1kg),중복 FOOD_CD
P120-104010400-1980,세펀세즈보우,중복 FOOD_CD
P120-104010400-1983,오징어피쉬볼(오리지널),중복 FOOD_CD
P120-104010400-1985,즈신보우,중복 FOOD_CD
P120-104010400-1993,냉동 생선모양 어묵,중복 FOOD_CD
P120-104010400-2122,진어묵(반누들),중복 FOOD_CD
P120-107060000-0006,비비고 순살 고등어구이,중복 FOOD_CD
P120-111060000-0145,저온 훈제 연어(13786218),중복 FOOD_CD
P120-111060000-0146,절임 연어(13786145),중복 FOOD_CD
P120-111060000-0147,절임 저온 훈제연어(13786282),중복 FOOD_CD
P120-113060000-0017,사조마일드참치,중복 FOOD_CD
P120-113060000-0059,쌈장 참치,중복 FOOD_CD
P120-200020200-0365,꼴뚜기젓,중복 FOOD_CD
P120-200020200-0367,낙지젓,중복 FOOD_CD
P120-200020200-0373,비빔오징어젓,중복 FOOD_CD
P120-200020200-0375,양념 낙지젓,중복 FOOD_CD
P120-200020200-0376,양념밴댕이젓,중복 FOOD_CD
P120-200020200-0386,낙지젓,중복 FOOD_CD
P120-200020200-0387,낙지젓,중복 FOOD_CD
P120-200020200-0524,오징어젓,중복 FOOD_CD
P120-200020200-0526,창난젓,중복 FOOD_CD
P120-200020200-0570,젓갈 3종세트,중복 FOOD_CD
P120-200020200-0600,낙지젓,중복 FOOD_CD
P120-200020200-0601,낙지탕탕이젓,중복 FOOD_CD
P120-200020200-0636,양념꼴뚜기젓,중복 FOOD_CD
P120-200020200-0637,양념낙지젓,중복 FOOD_CD
P120-200020200-0641,양념오징어,중복 FOOD_CD
P120-200020200-0642,양념오징어,중복 FOOD_CD
P120-200020200-0651,오징어젓,중복 FOOD_CD
P120-200020200-0653,조개젓,중복 FOOD_CD
P120-200020200-0761,볼케이노 가리비젓,중복 FOOD_CD
P120-200020200-0765,볼케이노 오징어젓,중복 FOOD_CD
P120-200020200-0766,볼케이노 창란젓,중복 FOOD_CD
P120-200020200-0783,무말랭이 품은 오징어젓,중복 FOOD_CD
P120-200020200-0786,오말랭이,중복 FOOD_CD
P120-301030100-0090,DRIED 백진미 오징어,중복 FOOD_CD
P120-301030100-0309,두번구운순살명태채,중복 FOOD_CD
P120-301030100-0310,두번구운순살명태포,중복 FOOD_CD
P120-301030100-0311,두번구운순살아귀채,중복 FOOD_CD
P120-301030100-0312,두번구운순살아귀포,중복 FOOD_CD
P120-301030100-0335,쥐포구이채,중복 FOOD_CD
P120-301030100-0424,조미아귀포,중복 FOOD_CD
P120-301030100-0425,조미아귀포,중복 FOOD_CD
P120-301030100-0438,건조조미농어부레,중복 FOOD_CD
P120-301030100-0449,마른 조미 아귀포,중복 FOOD_CD
P120-301030100-0460,슈레드스퀴드위드치즈,중복 FOOD_CD
P120-301030100-0505,조미오징어,중복 FOOD_CD
P120-301030100-0508,조미오징어 장족,중복 FOOD_CD
P120-301030100-0512,조미오징어장족,중복 FOOD_CD
P120-301030100-0586,바베큐 조미 오징어,중복 FOOD_CD
P120-301030100-0588,바베큐조미오징어,중복 FOOD_CD
P120-301030100-0609,쫀맛 쥐치포(6X6) (방사선조사),중복 FOOD_CD
P120-301030100-0618,마른조미아구포,중복 FOOD_CD
P120-301030100-0632,조미 쥐치포,중복 FOOD_CD
P120-301030100-0678,조미 양태포,중복 FOOD_CD
P120-301030100-0680,조미 오징어채,중복 FOOD_CD
P120-301030100-0682,조미건쥐치포,중복 FOOD_CD
P120-301030100-0689,조미아귀포,중복 FOOD_CD
P120-301030200-0051,황태채,중복 FOOD_CD
P120-301030200-0063,황태채,중복 FOOD_CD
P120-301030200-0072,황태채,중복 FOOD_CD
P120-301030200-0075,황태채,중복 FOOD_CD
P120-302060000-0328,꼬리자른 생 새우살,중복 FOOD_CD
P120-302060000-0354,냉동 자숙 흰다리새우살 (200g),중복 FOOD_CD
P120-302060000-0360,냉동 조미 가리비살(초밥용) (가리비살 98%함유),중복 FOOD_CD
P120-302060000-0382,냉동 흰다리새우살,중복 FOOD_CD
P120-302060000-0402,냉동자숙얼룩새우살,중복 FOOD_CD
P120-302060000-0478,하하 오징어채,중복 FOOD_CD
P120-302060000-0528,냉동 생칵테일새우살,중복 FOOD_CD
P120-302060000-0547,냉동노바시흰다리새우 40pcs,중복 FOOD_CD
P120-302060000-0560,냉동흰다리새우 (흰다리새우99.99%함유),중복 FOOD_CD
P120-302060000-0561,냉동흰다리새우(새우99.98%함유),중복 FOOD_CD
P120-302060000-0562,냉동흰다리새우(새우99.99%함유),중복 FOOD_CD
P120-302060000-0565,냉동흰다리새우살(노바시),중복 FOOD_CD
P120-302060000-0575,냉동흰다리새우살(생새우살)(새우99.29%),중복 FOOD_CD
P120-302060000-0590,초밥용 백미새우,중복 FOOD_CD
P120-302060000-0599,횟감용 냉동 흰다리새우,중복 FOOD_CD
P120-302060000-0628,냉동흰다리새우살(생칵테일새우)(새우99.29%),중복 FOOD_CD
P120-302060000-0629,냉동흰다리새우살(생칵테일새우)(새우99.29%),중복 FOOD_CD
P120-302060000-0649,냉동 명태필렛(명태99.98%함유)(750g),중복 FOOD_CD
P120-302060000-0651,냉동 생칵테일 새우살,중복 FOOD_CD
P120-302060000-0652,냉동 생칵테일 새우살(흰다리새우살 99.96%함유),중복 FOOD_CD
P120-302060000-0657,냉동 오징어(슬라이스),중복 FOOD_CD
P120-302060000-0663,냉동 흰다리새우살 (새우99 98%함유),중복 FOOD_CD
P120-302060000-0671,냉동새우살(흰다리새우 자숙) (1KG),중복 FOOD_CD
P120-302060000-0673,냉동솔방울오징어 (오징어 99.761%),중복 FOOD_CD
P120-302060000-0674,냉동자숙바지락살(자숙바지락살99.849%함유),중복 FOOD_CD
P120-302060000-0676,냉동자숙피바지락,중복 FOOD_CD
P120-302060000-0678,냉동흰다리새우,중복 FOOD_CD
P120-302060000-0681,냉동흰다리새우살(4.5KG),중복 FOOD_CD
P120-302060000-0682,냉동흰다리새우살(꼬리포함)(900g),중복 FOOD_CD
P120-302060000-0690,냉동흰다리탈각새우,중복 FOOD_CD
P120-302060000-0691,냉동흰다리탈각새우,중복 FOOD_CD
P120-302060000-0697,생 칵테일 새우살,중복 FOOD_CD
P120-302060000-0700,오징어링,중복 FOOD_CD
P120-302060000-0702,통오징어가라아게,중복 FOOD_CD
P120-302060000-0735,냉동새우살(흰다리새우 자숙) (200G),중복 FOOD_CD
P120-401040000-0161,사조김,중복 FOOD_CD
P120-401040000-0318,올리브 바베김,중복 FOOD_CD
P120-401040000-0488,쿠우쿠우 김밥김,중복 FOOD_CD
P120-401040000-0626,오양 요리왕 김가루,중복 FOOD_CD
P120-401040000-0723,맛나 바베김 데리야끼,중복 FOOD_CD
P120-401040000-0726,맛나 바베김 치즈,중복 FOOD_CD
P120-401040000-0839,프레시하다 군함김,중복 FOOD_CD
P120-401040000-0842,해조명가 명품 김가루,중복 FOOD_CD
P120-401040000-0857,프리미엄곱창김,중복 FOOD_CD
P120-401040000-0921,필요한 만큼 7장만 담은 유기 김밥김,중복 FOOD_CD
P120-401040000-1108,군산곱창구이김,중복 FOOD_CD
P120-401040000-1243,빅롤 그릴드 씨위드롤 클래식향,중복 FOOD_CD
P120-600010600-0011,튀김용 집게다리,중복 FOOD_CD
P120-600060000-1176,냉동 덴뿌라새우,중복 FOOD_CD
P120-600060000-1245,냉동다시마결,중복 FOOD_CD
P120-600060000-1266,냉동자숙백합,중복 FOOD_CD
P120-600060000-1268,냉동자숙피홍합,중복 FOOD_CD
P120-600060000-1415,아브루가,중복 FOOD_CD
P120-600060000-1420,안키모(아귀간),중복 FOOD_CD
P120-600060000-1433,올리브 오일 참치 (160g),중복 FOOD_CD
P120-600060000-1441,이소 노 하나,중복 FOOD_CD
P120-600060000-1458,정새우 고소한 오리지널,중복 FOOD_CD
P120-600060000-1460,정새우 와사비맛,중복 FOOD_CD
P120-600060000-1495,코코넛 새우튀김,중복 FOOD_CD
P120-600060000-1511,타코와사비,중복 FOOD_CD
P120-600060000-1522,통살 오징어바,중복 FOOD_CD
P120-600060000-1523,통살 오징어볼,중복 FOOD_CD
P120-600060000-1536,튀김용오징어다리,중복 FOOD_CD
P120-600060000-1568,50g 사세 왕새우 튀김,중복 FOOD_CD
P120-600060000-1571,be chef. 왕새우튀김,중복 FOOD_CD
P120-600060000-1584,굿딜 실속 왕새우 튀김,중복 FOOD_CD
P120-600060000-1592,냉동 멘보샤,중복 FOOD_CD
P120-600060000-1598,냉동 민물장어구이,중복 FOOD_CD
P120-600060000-1601,냉동 베어다이대게 포션 [#674165],중복 FOOD_CD
P120-600060000-1639,냉동 치즈가리비,중복 FOOD_CD
P120-600060000-1649,냉동 튀김용 버터플라이새우,중복 FOOD_CD
P120-600060000-1665,냉동민물장어 양념구이,중복 FOOD_CD
P120-600060000-1680,냉동양념틸라피아뱃살(틸라피아뱃살96%함유),중복 FOOD_CD
P120-600060000-1722,몰디브피쉬칩,중복 FOOD_CD
P120-600060000-1744,블랙타이거 치즈새우,중복 FOOD_CD
P120-600060000-1762,사케 후레이크,중복 FOOD_CD
P120-600060000-1776,새우롤,중복 FOOD_CD
P120-600060000-1785,생선까스,중복 FOOD_CD
P120-600060000-1789,소사 아가 아가 - 41296,중복 FOOD_CD
P120-600060000-1790,송어알,중복 FOOD_CD
P120-600060000-1800,슈림프링(칵테일슈림프 위드 소스),중복 FOOD_CD
P120-600060000-1812,아귀가라아게,중복 FOOD_CD
P120-600060000-1813,아로야베 보니토 델 노르테 인 올리브 오일 로우 솔티드 (#178),중복 FOOD_CD
P120-600060000-1819,안키모(ANKIMO/아귀간)(아귀간97.5%함유),중복 FOOD_CD
P120-600060000-1852,자숙냉동샥스핀 슬라이스(청새리상어) 450g,중복 FOOD_CD
P120-600060000-1860,조파이 다커리 샤화,중복 FOOD_CD
P120-600060000-1864,청파래 청대구생선까스(1.2KG),중복 FOOD_CD
P120-600060000-1869,칠리마요새우,중복 FOOD_CD
P120-600060000-1888,크리스피 통살 새우까스,중복 FOOD_CD
P120-600060000-1890,크리스피 통살 오징어튀김,중복 FOOD_CD
P120-600060000-1909,통살새우까스,중복 FOOD_CD
P120-600060000-2218,가라아게 통살오징어스틱 튀김용,중복 FOOD_CD
P120-600060000-2227,냉동 빵가루 새우튀김,중복 FOOD_CD
P120-600060000-2231,냉동 빵가루새우,중복 FOOD_CD
P120-600060000-2235,냉동 왕새우까스,중복 FOOD_CD
P120-600060000-2237,냉동 자숙피바지락(500G),중복 FOOD_CD
P120-600060000-2241,냉동 튀김용 깐쇼새우,중복 FOOD_CD
P120-600060000-2268,마케럴 인 토마토소스,중복 FOOD_CD
P120-600060000-2271,매콤오징어,중복 FOOD_CD
P120-600060000-2280,빵가루 새우링,중복 FOOD_CD
P120-600060000-2311,커클랜드 시그니춰 브레디드 판코 쉬림프 #1233570,중복 FOOD_CD
P120-600060000-2319,크리스피 새우튀김,중복 FOOD_CD
P120-600060000-2331,튀김용 통새우(흰다리새우함량35%),중복 FOOD_CD
P120-600060000-2340,후라이드 베이비 클램 위드 칠리,중복 FOOD_CD
P120-600060000-2349,감자말이롤,중복 FOOD_CD
P120-600060000-2364,냉동 깐쇼칵테일새우,중복 FOOD_CD
P120-600060000-2375,냉동 자숙 바지락 (500g),중복 FOOD_CD
P120-600060000-2427,빵가루통새우,중복 FOOD_CD
P120-600060000-2428,빵가루튀김새우,중복 FOOD_CD
P120-600060000-2443,아귀간(안키모),중복 FOOD_CD
P120-600060000-2454,엔쵸비 필렛 인 올리브 오일(800G),중복 FOOD_CD
P120-600060000-2466,왕새우튀김,중복 FOOD_CD
P120-600060000-2480,정새우 오리지널,중복 FOOD_CD
P120-600060000-2501,통오징어 가라아게,중복 FOOD_CD
P120-600060000-2537,냉동 튀김가루 무침새우,중복 FOOD_CD
P120-600060000-2543,냉동빵가루새우,중복 FOOD_CD
P120-600060000-2563,마른명태껍질,중복 FOOD_CD
P120-600060000-2576,벤트레스카 보니토 델 노르테 인 올리브 오일 (#156),중복 FOOD_CD
P120-600060000-2579,사케 후레이크 명란,중복 FOOD_CD
P120-600060000-2582,새우튀김,중복 FOOD_CD
P120-600060000-2583,생선까스(1.2kg),중복 FOOD_CD
P120-600060000-2624,튀김용통오징어,중복 FOOD_CD
P120-600060000-2636,C민물장어구이 솔솥용,중복 FOOD_CD
P120-600060000-2689,병어,중복 FOOD_CD
P120-600060000-2729,조개미역국,중복 FOOD_CD
P123-201020200-0183,스팸김치볶음밥,중복 FOOD_CD
P123-201020200-0399,스팸마요네즈계란볶음밥,중복 FOOD_CD
P123-201020200-0401,스팸마요네즈계란볶음밥,중복 FOOD_CD
P123-201020200-0403,스팸마요네즈계란볶음밥,중복 FOOD_CD
P123-201020300-2962,햇반컵반중화마파두부덮밥,중복 FOOD_CD
P123-201020300-2965,햇반컵반 참치마요덮밥,중복 FOOD_CD
P123-201020300-3769,연잎영양밥,중복 FOOD_CD
P123-201020300-4973,돼지불고기덮밥 밀키트,중복 FOOD_CD
P123-201020300-4974,돼지불고기덮밥 밀키트(베이직),중복 FOOD_CD
P123-201020300-5574,소불고기강된장비빔밥,중복 FOOD_CD
P123-201020300-5674,대나무잎밥,중복 FOOD_CD
P123-201020300-5677,대나무통밥,중복 FOOD_CD
P123-201020300-5986,그릴드 단호박 레드커리 오므라이스,중복 FOOD_CD
P123-201020300-6001,레드커리 시그니처 오므라이스,중복 FOOD_CD
P123-201020300-6072,김치볶음밥엔 닭가슴살 물만두,중복 FOOD_CD
P123-201020300-6161,맛나고김치덮밥곱빼기,중복 FOOD_CD
P123-203020200-0089,햄듬뿍참치마요김밥,중복 FOOD_CD
P123-203020200-0590,더큰전주비빔,중복 FOOD_CD
P123-203020200-0591,전주비빔참치마요,중복 FOOD_CD
P123-203020200-0909,더커진소고기고추장삼각김밥,중복 FOOD_CD
P123-203020200-0911,더커진소고기고추장삼각김밥,중복 FOOD_CD
P123-203020200-1019,잠봉뵈르김밥,중복 FOOD_CD
P123-203020200-1353,참치마요듬뿍김밥,중복 FOOD_CD
P123-203020200-1413,통한돈카츠김밥,중복 FOOD_CD
P123-203020200-1424,소불고기김밥,중복 FOOD_CD
P123-203020200-1524,뉴참치햄김밥,중복 FOOD_CD
P123-203020200-1555,더커진제육볶음,중복 FOOD_CD
P123-203020200-1556,더커진제육볶음,중복 FOOD_CD
P123-203020200-1557,더커진제육볶음,중복 FOOD_CD
P123-203020200-1632,더큰베이컨참치마요,중복 FOOD_CD
P123-203020200-1690,스팸김치볶음밥,중복 FOOD_CD
P123-203020200-1761,전주비빔참치마요,중복 FOOD_CD
P123-203020200-1806,참치마요,중복 FOOD_CD
P123-203020200-2187,더바삭한김참치마요,중복 FOOD_CD
P123-203020200-2189,더큰더바삭한김참치마요,중복 FOOD_CD
P123-203020200-2190,더큰더바삭한김참치마요,중복 FOOD_CD
P123-203020200-2333,참치마요삼각,중복 FOOD_CD
P123-203020200-2335,참치마요삼각,중복 FOOD_CD
P123-203020200-2398,불닭콘치즈,중복 FOOD_CD
P123-203020200-2698,더커진소고기고추장,중복 FOOD_CD
P123-203020200-2829,소고기전주비빔,중복 FOOD_CD
P123-203020200-2928,종가)묵은지김치제육,중복 FOOD_CD
P123-203020200-3107,두툼)한돈쌈김밥,중복 FOOD_CD
P123-203020200-3108,두툼)한돈쌈김밥&전주비빔잡채김밥,중복 FOOD_CD
P123-203020200-3114,들기름묵은지참치마요,중복 FOOD_CD
P123-203020200-3247,전주비빔&제육,중복 FOOD_CD
P123-203020200-3318,통왕소시지김밥,중복 FOOD_CD
P123-203020200-3369,스팸김치볶음밥,중복 FOOD_CD
P123-203020200-3383,스팸김치볶음김밥,중복 FOOD_CD
P123-203020200-3402,김치제육듬뿍김밥,중복 FOOD_CD
P123-203020200-3403,김치제육듬뿍김밥,중복 FOOD_CD
P123-203020200-3596,김치제육듬뿍김밥,중복 FOOD_CD
P123-203020200-3638,더큰전주비빔참치마요,중복 FOOD_CD
P123-203020200-3679,매콤제육깻잎쌈밥,중복 FOOD_CD
P123-203020200-3680,매콤제육깻잎쌈밥,중복 FOOD_CD
P123-203020200-3682,매콤제육깻잎쌈밥,중복 FOOD_CD
P123-203020200-3684,햄청양한입꼬마김밥,중복 FOOD_CD
P123-203020200-3710,계선장김밥,중복 FOOD_CD
P123-203020200-3736,소불고기김밥,중복 FOOD_CD
P123-203020200-3737,소불고기김밥,중복 FOOD_CD
P123-203020300-0610,한우 소보로 주먹밥(고추장맛),중복 FOOD_CD
P123-204020300-1255,오마이 BIG 명란버터 냉동파스타,중복 FOOD_CD
P123-204020300-1256,오마이 BIG 풍부한 마늘 페페론치노 냉동파스타,중복 FOOD_CD
P123-204020300-1354,조아요 잡채 간장,중복 FOOD_CD
P123-204020300-1355,조아요 잡채 달콤,중복 FOOD_CD
P123-204020300-1356,조아요 잡채 매콤,중복 FOOD_CD
P123-204020300-1422,아지야 잡채 간장,중복 FOOD_CD
P123-204020300-1423,아지야 잡채 달콤,중복 FOOD_CD
P123-204020300-1424,아지야 잡채 매콤,중복 FOOD_CD
P123-204020300-1438,정성담은 한식잡채,중복 FOOD_CD
P123-204020300-1456,볼로네제 펜네 파스타,중복 FOOD_CD
P123-204020300-1457,사누키 면 키츠네우동,중복 FOOD_CD
P123-204020300-1495,타이 프리미엄 쿠킹 세트 팟씨위,중복 FOOD_CD
P123-204020300-1496,타이 프리미엄 쿠킹 세트 팟타이,중복 FOOD_CD
P123-204020300-1568,오뚜기 부산식 밀면,중복 FOOD_CD
P123-207020300-0597,시집가는마시래기뼈해장국,중복 FOOD_CD
P123-207020300-0598,시집가는추어탕,중복 FOOD_CD
P123-207020300-1507,bibigo 비비고 사골시래기된장국,중복 FOOD_CD
P123-207020300-1509,bibigo 비비고 소고기듬뿍설렁탕,중복 FOOD_CD
P123-207020300-1512,bibigo 비비고 소고기미역국,중복 FOOD_CD
P123-207020300-2433,소고기무국,중복 FOOD_CD
P123-207020300-2522,유치회관 해장국(냉동),중복 FOOD_CD
P123-207020300-2996,감자국(W),중복 FOOD_CD
P123-207020300-3476,진짜소갈비탕,중복 FOOD_CD
P123-207020300-3573,정성담은 들깨미역국,중복 FOOD_CD
P123-207020300-3632,한우육개장,중복 FOOD_CD
P123-207020300-3810,정성담은 순살닭곰탕,중복 FOOD_CD
P123-207020300-3811,정성담은 황태계란무국,중복 FOOD_CD
P123-207020300-3812,정성담은 황태미역국,중복 FOOD_CD
P123-207020300-4045,야채탕 (5kg),중복 FOOD_CD
P123-207020300-4231,새우듬뿍 순두부달걀탕,중복 FOOD_CD
P123-207020300-4315,장어와덕이 곤드레장어탕,중복 FOOD_CD
P123-207020300-4333,남도식 추어탕,중복 FOOD_CD
P123-208020300-0215,시집가는전라도식마김치찌개,중복 FOOD_CD
P123-208020300-0216,시집가는참치김치찌개,중복 FOOD_CD
P123-208020300-0217,시집가는청국장찌개,중복 FOOD_CD
P123-208020300-0766,포크애호박찌게,중복 FOOD_CD
P123-208020300-1196,정성담은 참치 김치찌개,중복 FOOD_CD
P123-208020300-1226,고등어김치찌개,중복 FOOD_CD
P123-208020400-0071,특제 양지육수 소고기샤브샤브,중복 FOOD_CD
P123-209020300-0074,오징어김치전,중복 FOOD_CD
P123-209020300-0075,해물부추파전,중복 FOOD_CD
P123-209020300-0176,감자전,중복 FOOD_CD
P123-209020300-0205,부추전,중복 FOOD_CD
P123-209020300-0214,해물파전,중복 FOOD_CD
P123-209020300-0248,철판 도톰녹두전,중복 FOOD_CD
P123-209020300-0249,철판 오징어 김치전,중복 FOOD_CD
P123-209020300-0254,해물파전,중복 FOOD_CD
P123-209020300-0265,김치전,중복 FOOD_CD
P123-209020300-0278,냉동부추전,중복 FOOD_CD
P123-209020300-0288,크레잇 수제 감자채전,중복 FOOD_CD
P123-210020300-0600,미트팩토리 매운마늘갈비찜 아주매운맛,중복 FOOD_CD
P123-210020300-0601,미트팩토리 매운마늘갈비찜 중간매운맛,중복 FOOD_CD
P123-212020200-0741,꽈리고추스테이크동,중복 FOOD_CD
P123-212020300-0647,고사리나물 밀키트,중복 FOOD_CD
P123-212020300-0694,무나물 밀키트,중복 FOOD_CD
P123-212020300-0706,새송이버섯나물 밀키트,중복 FOOD_CD
P123-212020300-0721,애호박나물 밀키트,중복 FOOD_CD
P123-212020300-0951,간장제외/가지나물 밀키트,중복 FOOD_CD
P123-212020300-0954,간장제외/곰취나물 밀키트,중복 FOOD_CD
P123-212020300-0956,간장제외/깻잎순나물 밀키트,중복 FOOD_CD
P123-212020300-0957,간장제외/무나물 밀키트,중복 FOOD_CD
P123-212020300-0958,간장제외/방풍나물 밀키트,중복 FOOD_CD
P123-212020300-0960,간장제외/새송이버섯나물 밀키트,중복 FOOD_CD
P123-212020300-0962,간장제외/시금치나물 밀키트,중복 FOOD_CD
P123-212020300-0967,간장제외/취나물 밀키트,중복 FOOD_CD
P123-212020300-0968,간장제외/콩나물 밀키트,중복 FOOD_CD
P123-212020300-1184,핵이득 뚝배기 불고기,중복 FOOD_CD
P123-212020300-1814,프리미엄 타코야끼,중복 FOOD_CD
P123-212020300-1950,냉동 김치전,중복 FOOD_CD
P123-212020300-1952,냉동한입녹두전,중복 FOOD_CD
P123-212020300-1956,애호박야채전,중복 FOOD_CD
P123-212020300-1970,무비디저트 3종세트,중복 FOOD_CD
P123-212020300-1972,사과소불고기 세트,중복 FOOD_CD
P123-212020300-1984,토마토 로제 닭갈비,중복 FOOD_CD
P123-212020300-1996,한우듬뿍 볶음고추장 비빔밥 세트,중복 FOOD_CD
P123-212020300-2110,영양반찬 아스파라거스버섯볶음,중복 FOOD_CD
P123-212020300-2112,영양반찬 참나물토마토달걀소스,중복 FOOD_CD
P123-212020300-2116,영양반찬 한우부추들깨볶음,중복 FOOD_CD
P123-213020200-0144,반반고기정찬,중복 FOOD_CD
P123-213020200-0768,특판도시락,중복 FOOD_CD
P123-213020200-1156,든든한제육&돈까스정식,중복 FOOD_CD
P123-213020200-1157,든든한제육&돈까스정식,중복 FOOD_CD
P123-213020200-1311,다찬스페셜정식,중복 FOOD_CD
P123-213020200-1348,알찬)반반불고기도시락,중복 FOOD_CD
P123-213020200-1366,예약)소불고기정식도시락,중복 FOOD_CD
P123-213020200-1619,불고기한판도시락,중복 FOOD_CD
P123-213020200-1665,콰트로고기정찬,중복 FOOD_CD
P123-213020200-1752,사천식닭갈비도시락,중복 FOOD_CD
P123-213020200-1768,국대급시너지도시락,중복 FOOD_CD
P123-213020200-1769,국대급시너지도시락,중복 FOOD_CD
P123-213020200-1780,미소병아리콩덮밥 세트,중복 FOOD_CD
P123-213020200-1798,사천식닭갈비도시락,중복 FOOD_CD
P123-213020300-1243,우리잡채밥 궁중간장,중복 FOOD_CD
P123-215020300-0275,깻잎튀김,중복 FOOD_CD
P123-215020300-0285,야채튀김,중복 FOOD_CD
P123-215020300-0297,고추튀김,중복 FOOD_CD
P123-215020300-0298,고추튀김,중복 FOOD_CD
P123-215020300-0302,깻잎튀김,중복 FOOD_CD
P123-215020300-0312,미니 오징어 고추튀김,중복 FOOD_CD
P123-215020300-0318,야채튀김,중복 FOOD_CD
P123-217020300-0965,제주 고탕탱 떡볶이,중복 FOOD_CD
P123-217020300-0987,제주 고탕탱 치즈 떡볶이,중복 FOOD_CD
P123-218020300-0153,진찰순대,중복 FOOD_CD
P123-218020300-0167,포차순대,중복 FOOD_CD
P123-218020300-0712,푸건순대볶음,중복 FOOD_CD
P123-218020300-0775,순대에반하다 찰순대,중복 FOOD_CD
P123-219010200-0006,황성주 박사의 라이프밀 라이트,중복 FOOD_CD
P123-223020200-0214,트러플치즈버거,중복 FOOD_CD
P123-223020200-0519,데리버거,중복 FOOD_CD
P123-223020200-0545,할라피뇨비프버거,중복 FOOD_CD
P123-223020200-0609,에그함박버거,중복 FOOD_CD
P123-223020200-0653,하와이안버거,중복 FOOD_CD
P123-223020200-0775,불고기디럭스버거,중복 FOOD_CD
P123-223020200-1039,화이트갈릭치킨버거,중복 FOOD_CD
P123-223020200-1124,페비톡톡와사마요새우버거,중복 FOOD_CD
P123-224020200-0889,NEW!아이돌인기샌드위치,중복 FOOD_CD
P123-224020200-1143,햄.치.게샌드위치,중복 FOOD_CD
P123-224020200-1441,햄치즈샐러드샌드위치,중복 FOOD_CD
P123-224020300-0440,그릴드 핫치킨 브리또,중복 FOOD_CD
P123-224020300-0523,LESS&MORE 저당 닭가슴살브리또 바베큐,중복 FOOD_CD
P123-226020100-0271,한끼 고구마 단호박 샐러드,중복 FOOD_CD
P123-226020100-0285,한끼 닭가슴살 리코타 샐러드,중복 FOOD_CD
P123-226020200-0835,잇츠온 케이준치킨 루꼴라 샐러드,중복 FOOD_CD
P123-226020200-1275,토마토 파스타 샐러드,중복 FOOD_CD
P123-226020200-1889,CP통계란&닭가슴살샐러드,중복 FOOD_CD
P123-302030100-0119,굿프랜즈 감자김치잎새만두,중복 FOOD_CD
P123-302030100-0133,굿프랜즈감자고기잎새만두,중복 FOOD_CD
P123-302030100-1321,김치통통만두,중복 FOOD_CD
P123-302030100-2583,가리비네트,중복 FOOD_CD
P123-302030100-2607,뉴 웨딩샤오마이,중복 FOOD_CD
P123-302030100-2635,복주머니딤섬,중복 FOOD_CD
P123-302030100-2648,삼각새우딤섬,중복 FOOD_CD
P123-302030100-2656,새우네트,중복 FOOD_CD
P123-302030100-2676,스프링롤,중복 FOOD_CD
P123-302030100-2680,야채 스프링롤,중복 FOOD_CD
P123-302030100-2688,야채춘권,중복 FOOD_CD
P123-302030100-2705,용미하가우,중복 FOOD_CD
P123-302030100-2713,점보야채춘권,중복 FOOD_CD
P123-302030100-2735,팥춘권,중복 FOOD_CD
P123-302030100-2744,피자춘권,중복 FOOD_CD
P123-302030100-2745,하가우,중복 FOOD_CD
P123-302030100-2747,해물샤오마이,중복 FOOD_CD
P123-302030100-2748,해물짜조,중복 FOOD_CD
P123-302030100-2816,야채춘권,중복 FOOD_CD
P123-304030200-0032,오리쌈피,중복 FOOD_CD
P123-305020200-0224,요모기고마 도후,중복 FOOD_CD
P123-305020200-0241,리큐도후,중복 FOOD_CD
P123-305020300-0741,아사게,중복 FOOD_CD
P123-305020300-0896,반달치즈포테이토7,중복 FOOD_CD
P124-200020000-1384,비포락토 (벌크),중복 FOOD_CD
P124-200020000-1410,해피 키친 도넛만들기,중복 FOOD_CD
P124-200020000-1581,칼로리몬스터 초코퍼지,중복 FOOD_CD
P124-200020000-1744,프리미엄 침향환,중복 FOOD_CD
P124-200020000-1760,어골칼슘,중복 FOOD_CD
P124-200020000-1937,유기농 올리브엔 석류 샷,중복 FOOD_CD
P124-200020000-1975,감당루틴,중복 FOOD_CD
P124-200020000-2028,오’쉐프 삼송빵집초당옥수수볼,중복 FOOD_CD
P124-200020000-2079,단백질 쉐이크 딸기라떼,중복 FOOD_CD
P124-200020000-2081,단백질 쉐이크 초코크런치,중복 FOOD_CD
P124-200020000-2082,단백질 쉐이크 19곡물,중복 FOOD_CD
P124-200020000-2138,아미노맥스 에너지젤 4760,중복 FOOD_CD
P124-200020000-2160,올리브 블러드오렌지 듀얼샷,중복 FOOD_CD
P124-200020000-2177,콘소메 시즈닝,중복 FOOD_CD
R112-813073901-0001,모무늬돌김,calories 빈값/파싱실패
R112-819015101-0002,다시마,calories 빈값/파싱실패
R112-819015102-1274,다시마_건조,calories 빈값/파싱실패
R112-825013901-0001,매생이,calories 빈값/파싱실패
R112-827033901-0001,모자반,calories 빈값/파싱실패
R112-829013901-0001,미역,calories 빈값/파싱실패
R112-829013902-1222,미역_건조,calories 빈값/파싱실패
R112-851013901-0001,톳,calories 빈값/파싱실패
R211-009214001-0001,용가자미,calories 빈값/파싱실패
R211-011052801-0000,갈치,calories 빈값/파싱실패
R211-021013901-6638,고등어,calories 빈값/파싱실패
R211-027033901-0650,미꾸라지,calories 빈값/파싱실패
R211-027053901-0650,미꾸리,calories 빈값/파싱실패
R211-029014001-0000,까나리,calories 빈값/파싱실패
R211-035014001-0000,꼼치,calories 빈값/파싱실패
R211-043013901-5936,넙치(광어),calories 빈값/파싱실패
R211-045014001-0000,노래미,calories 빈값/파싱실패
R211-049014001-0000,농어,calories 빈값/파싱실패
R211-049054001-0000,점농어,calories 빈값/파싱실패
R211-053014001-0000,눈볼대,calories 빈값/파싱실패
R211-059074001-0001,참다랑어(등살),calories 빈값/파싱실패
R211-059074001-0002,참다랑어(뱃살),calories 빈값/파싱실패
R211-063014001-0000,달고기,calories 빈값/파싱실패
R211-065034001-5273,대구,calories 빈값/파싱실패
R211-071034001-0000,도다리,calories 빈값/파싱실패
R211-075014001-0000,도루묵,calories 빈값/파싱실패
R211-079174001-0001,감성돔,calories 빈값/파싱실패
R211-079174001-0002,돌돔,calories 빈값/파싱실패
R211-079374001-0000,옥돔,calories 빈값/파싱실패
R211-079434001-0000,참돔,calories 빈값/파싱실패
R211-101014001-0000,먹장어,calories 빈값/파싱실패
R211-103014001-0650,메기,calories 빈값/파싱실패
R211-105033901-0000,멸치,calories 빈값/파싱실패
R211-107034001-0000,명태,calories 빈값/파싱실패
R211-117014001-0000,민어,calories 빈값/파싱실패
R211-121024001-0000,붉바리,calories 빈값/파싱실패
R211-127014001-0000,방어,calories 빈값/파싱실패
R211-135054001-0000,베도라치,calories 빈값/파싱실패
R211-141014001-0000,병어,calories 빈값/파싱실패
R211-143014001-0000,보구치,calories 빈값/파싱실패
R211-145014001-0000,보리멸,calories 빈값/파싱실패
R211-147074001-0000,까치복,calories 빈값/파싱실패
R211-151054001-0000,볼락,calories 빈값/파싱실패
R211-151074001-0000,불볼락,calories 빈값/파싱실패
R211-155014001-0000,부시리,calories 빈값/파싱실패
R211-171014001-0001,삼치,calories 빈값/파싱실패
R211-177014001-0000,노랑각시서대,calories 빈값/파싱실패
R211-181014001-0000,무지개송어,calories 빈값/파싱실패
R211-183034001-0001,가숭어,calories 빈값/파싱실패
R211-189014001-0000,쏘가리,calories 빈값/파싱실패
R211-191014001-0000,쏨뱅이,calories 빈값/파싱실패
R211-195014001-0001,아귀,calories 빈값/파싱실패
R211-207014001-0000,은어,calories 빈값/파싱실패
R211-209014001-0000,임연수어,calories 빈값/파싱실패
R211-211014001-0650,향어(이스라엘잉어),calories 빈값/파싱실패
R211-217074001-0000,뱀장어,calories 빈값/파싱실패
R211-217134001-0000,붕장어,calories 빈값/파싱실패
R211-219034001-0001,갈전갱이,calories 빈값/파싱실패
R211-221014001-0000,전어,calories 빈값/파싱실패
R211-227014001-0001,참조기,calories 빈값/파싱실패
R211-231034001-0001,쥐치,calories 빈값/파싱실패
R211-235014001-0000,청어,calories 빈값/파싱실패
R211-249014001-0000,학공치,calories 빈값/파싱실패
R211-253014001-0000,홍어,calories 빈값/파싱실패
R211-461094001-0001,큰가리비,calories 빈값/파싱실패
R211-463014001-0000,가무락조개,calories 빈값/파싱실패
R211-469014001-0000,개조개,calories 빈값/파싱실패
R211-471074001-0000,긴고둥,calories 빈값/파싱실패
R211-473014001-0000,굴,calories 빈값/파싱실패
R211-473094001-0000,바위굴,calories 빈값/파싱실패
R211-475014001-0000,꼬막,calories 빈값/파싱실패
R211-475034001-0001,새꼬막,calories 빈값/파싱실패
R211-475074001-0000,피조개,calories 빈값/파싱실패
R211-477034001-0001,다슬기,calories 빈값/파싱실패
R211-483014001-0001,붉은맛,calories 빈값/파싱실패
R211-485014001-0001,바지락,calories 빈값/파싱실패
R211-487014001-0000,말백합,calories 빈값/파싱실패
R211-493014001-0000,새조개,calories 빈값/파싱실패
R211-495014001-0000,소라,calories 빈값/파싱실패
R211-505014001-0000,조피볼락(우럭),calories 빈값/파싱실패
R211-507014001-0000,재첩,calories 빈값/파싱실패
R211-509054001-0000,북방전복,calories 빈값/파싱실패
R211-517013901-0000,큰구슬우렁이,calories 빈값/파싱실패
R211-521014001-0000,키조개,calories 빈값/파싱실패
R211-523054001-0000,진주담치,calories 빈값/파싱실패
R211-661054001-0001,참갑오징어,calories 빈값/파싱실패
R211-663074001-0000,참꼴뚜기,calories 빈값/파싱실패
R211-663094001-0000,창꼴뚜기,calories 빈값/파싱실패
R211-665014001-0001,낙지,calories 빈값/파싱실패
R211-665094001-0000,주꾸미,calories 빈값/파싱실패
R211-665114001-0000,참문어,calories 빈값/파싱실패
R211-667094001-0000,살오징어,calories 빈값/파싱실패
R211-715014001-0001,꽃게,calories 빈값/파싱실패
R211-715094001-0000,동남참게,calories 빈값/파싱실패
R211-715154001-0001,붉은대게,calories 빈값/파싱실패
R211-717054001-0000,그라비새우,calories 빈값/파싱실패
R211-717194001-0000,보리새우,calories 빈값/파싱실패
R211-717414001-0001,흰다리새우,calories 빈값/파싱실패
R211-911014001-0000,개불,calories 빈값/파싱실패
R211-919034001-0001,멍게(우렁쉥이),calories 빈값/파싱실패
R211-921014001-0000,미더덕,calories 빈값/파싱실패
R211-927074001-0000,돌기해삼(홍해삼),calories 빈값/파싱실패
